-- phpMyAdmin SQL Dump
-- version 5.0.2
-- https://www.phpmyadmin.net/
--
-- Host: 127.0.0.1:3307
-- Generation Time: Jan 15, 2021 at 08:23 PM
-- Server version: 10.4.13-MariaDB
-- PHP Version: 7.4.9

SET SQL_MODE = "NO_AUTO_VALUE_ON_ZERO";
START TRANSACTION;
SET time_zone = "+00:00";


/*!40101 SET @OLD_CHARACTER_SET_CLIENT=@@CHARACTER_SET_CLIENT */;
/*!40101 SET @OLD_CHARACTER_SET_RESULTS=@@CHARACTER_SET_RESULTS */;
/*!40101 SET @OLD_COLLATION_CONNECTION=@@COLLATION_CONNECTION */;
/*!40101 SET NAMES utf8mb4 */;

--
-- Database: `ps_proiect`
--
CREATE DATABASE IF NOT EXISTS `ps_proiect` DEFAULT CHARACTER SET utf8 COLLATE utf8_general_ci;
USE `ps_proiect`;

-- --------------------------------------------------------

--
-- Table structure for table `ambalaj`
--

DROP TABLE IF EXISTS `ambalaj`;
CREATE TABLE IF NOT EXISTS `ambalaj` (
  `id` int(11) NOT NULL AUTO_INCREMENT,
  `denumire` varchar(20) NOT NULL,
  PRIMARY KEY (`id`)
) ENGINE=InnoDB AUTO_INCREMENT=21 DEFAULT CHARSET=utf8;

--
-- Dumping data for table `ambalaj`
--

INSERT INTO `ambalaj` (`id`, `denumire`) VALUES
(1, 'DLB'),
(2, 'CSA'),
(3, 'NBEV'),
(4, 'MER^K'),
(5, 'CIT'),
(6, 'VPG'),
(7, 'HTA'),
(8, 'SRRA'),
(9, 'AFA'),
(10, 'BAC^L'),
(11, 'TCRX'),
(12, 'SFLY'),
(13, 'GYB'),
(14, 'MDLY'),
(15, 'MCRN'),
(16, 'MS^I'),
(17, 'GILD'),
(18, 'CIM^A'),
(19, 'ENLK'),
(20, 'SBOT');

-- --------------------------------------------------------

--
-- Table structure for table `box`
--

DROP TABLE IF EXISTS `box`;
CREATE TABLE IF NOT EXISTS `box` (
  `id` int(11) NOT NULL,
  `produs_id` int(11) NOT NULL,
  `ambalaj_id` int(11) NOT NULL,
  PRIMARY KEY (`id`)
) ENGINE=InnoDB DEFAULT CHARSET=utf8;

--
-- Dumping data for table `box`
--

INSERT INTO `box` (`id`, `produs_id`, `ambalaj_id`) VALUES
(1, 7, 8),
(2, 11, 12),
(3, 6, 3),
(4, 19, 18),
(5, 4, 7),
(6, 15, 10),
(7, 9, 4),
(8, 10, 6),
(9, 12, 13),
(10, 20, 17),
(11, 8, 9),
(12, 1, 11),
(13, 2, 5),
(14, 13, 16),
(15, 18, 15),
(16, 3, 2),
(17, 5, 1),
(18, 16, 14),
(19, 17, 20),
(20, 14, 19);

-- --------------------------------------------------------

--
-- Table structure for table `intrari`
--

DROP TABLE IF EXISTS `intrari`;
CREATE TABLE IF NOT EXISTS `intrari` (
  `id` int(11) NOT NULL AUTO_INCREMENT,
  `produs_id` int(11) DEFAULT NULL,
  `ambalaj_id` int(11) DEFAULT NULL,
  `cantitate` int(11) NOT NULL,
  `date_in` datetime NOT NULL DEFAULT current_timestamp(),
  PRIMARY KEY (`id`)
) ENGINE=InnoDB AUTO_INCREMENT=30 DEFAULT CHARSET=utf8;

--
-- Dumping data for table `intrari`
--

INSERT INTO `intrari` (`id`, `produs_id`, `ambalaj_id`, `cantitate`, `date_in`) VALUES
(13, 3, NULL, 13, '2021-01-15 17:33:19'),
(14, 1, NULL, 10, '2021-01-15 17:33:19'),
(15, NULL, 4, 3, '2021-01-15 17:33:19'),
(16, NULL, 6, 40, '2021-01-15 17:33:19'),
(20, NULL, 9, 2, '2021-01-15 18:27:40'),
(21, 15, NULL, 10, '2021-01-15 18:28:04'),
(22, 1, NULL, 4, '2021-01-15 18:29:14'),
(23, 1, NULL, 3, '2021-01-15 18:29:34'),
(24, NULL, 9, 15, '2021-01-15 18:30:35'),
(25, 3, NULL, 11, '2021-01-15 18:41:04'),
(26, NULL, 9, 200, '2021-01-15 21:09:25'),
(27, 5, NULL, 200, '2021-01-15 21:16:27'),
(28, NULL, 1, 200, '2021-01-15 21:16:38'),
(29, NULL, 1, 10, '2021-01-15 21:16:45');

-- --------------------------------------------------------

--
-- Table structure for table `produs`
--

DROP TABLE IF EXISTS `produs`;
CREATE TABLE IF NOT EXISTS `produs` (
  `id` int(11) NOT NULL AUTO_INCREMENT,
  `denumire` varchar(50) NOT NULL,
  `pret` double DEFAULT NULL,
  PRIMARY KEY (`id`)
) ENGINE=InnoDB AUTO_INCREMENT=21 DEFAULT CHARSET=utf8;

--
-- Dumping data for table `produs`
--

INSERT INTO `produs` (`id`, `denumire`, `pret`) VALUES
(1, 'Alfa Whiskey', 38.2),
(2, 'Golf Quebec Victor', 18.61),
(3, 'Charlie Yankee', 64.37),
(4, 'Romeo Zulu', 23.03),
(5, 'Kilo Golf Alfa', 48.94),
(6, 'November Lima', 58.16),
(7, 'November Charlie Whiskey', 87.49),
(8, 'Uniform Mike', 81.2),
(9, 'Lima Sierra', 98.89),
(10, 'Tango Echo', 53.46),
(11, 'Kilo Whiskey Hotel', 72.59),
(12, 'Tango Juliett', 45.51),
(13, 'Foxtrot Juliett Zulu', 39.16),
(14, 'Lima November Mike', 47.46),
(15, 'Echo Romeo', 64.42),
(16, 'Zulu Golf Echo', 53.47),
(17, 'Yankee India Echo', 66.33),
(18, 'Golf Uniform Kilo', 21.31),
(19, 'Foxtrot Romeo', 42.13),
(20, 'X-ray Mike', 45.58);

-- --------------------------------------------------------

--
-- Table structure for table `transport`
--

DROP TABLE IF EXISTS `transport`;
CREATE TABLE IF NOT EXISTS `transport` (
  `id` int(11) NOT NULL AUTO_INCREMENT,
  `denumire` varchar(32) NOT NULL,
  `capacitate` int(11) NOT NULL,
  `created_at` datetime NOT NULL DEFAULT current_timestamp(),
  `updated_at` datetime NOT NULL DEFAULT current_timestamp(),
  PRIMARY KEY (`id`)
) ENGINE=InnoDB AUTO_INCREMENT=5 DEFAULT CHARSET=utf8;

--
-- Dumping data for table `transport`
--

INSERT INTO `transport` (`id`, `denumire`, `capacitate`, `created_at`, `updated_at`) VALUES
(1, 'PLX060', 11, '2021-01-14 20:12:23', '2021-01-14 20:12:23'),
(2, 'BH68SZJ', 77, '2021-01-14 20:12:23', '2021-01-14 20:12:23'),
(3, 'TM34XLX', 45, '2021-01-14 20:12:23', '2021-01-14 20:12:23'),
(4, 'CJ77IAH', 46, '2021-01-14 20:12:23', '2021-01-14 20:12:23');

-- --------------------------------------------------------

--
-- Table structure for table `tranzactii`
--

DROP TABLE IF EXISTS `tranzactii`;
CREATE TABLE IF NOT EXISTS `tranzactii` (
  `id` int(11) NOT NULL AUTO_INCREMENT,
  `transport_id` int(11) NOT NULL,
  `box_id` int(11) NOT NULL,
  `created_at` date NOT NULL DEFAULT current_timestamp(),
  `timestamp` timestamp NOT NULL DEFAULT current_timestamp(),
  PRIMARY KEY (`id`)
) ENGINE=InnoDB AUTO_INCREMENT=3645 DEFAULT CHARSET=utf8;

--
-- Dumping data for table `tranzactii`
--

INSERT INTO `tranzactii` (`id`, `transport_id`, `box_id`, `created_at`, `timestamp`) VALUES
(1, 1, 11, '2021-01-25', '2021-01-15 15:34:39'),
(2, 1, 18, '2021-01-23', '2021-01-15 15:34:39'),
(3, 2, 3, '2021-01-14', '2021-01-15 15:34:39'),
(4, 3, 6, '2021-01-28', '2021-01-15 15:34:39'),
(5, 4, 7, '2021-01-14', '2021-01-15 15:34:39'),
(6, 1, 15, '2021-01-29', '2021-01-15 15:34:39'),
(7, 3, 15, '2021-01-19', '2021-01-15 15:34:39'),
(8, 2, 9, '2021-01-25', '2021-01-15 15:34:39'),
(9, 1, 1, '2021-01-29', '2021-01-15 15:34:39'),
(10, 1, 19, '2021-01-18', '2021-01-15 15:34:39'),
(11, 4, 11, '2021-01-28', '2021-01-15 15:34:39'),
(12, 1, 20, '2021-01-22', '2021-01-15 15:34:39'),
(13, 3, 18, '2021-01-13', '2021-01-15 15:34:39'),
(14, 2, 6, '2021-01-20', '2021-01-15 15:34:39'),
(15, 1, 4, '2021-01-24', '2021-01-15 15:34:39'),
(16, 2, 20, '2021-01-29', '2021-01-15 15:34:39'),
(17, 1, 11, '2021-01-23', '2021-01-15 15:34:39'),
(18, 4, 12, '2021-01-14', '2021-01-15 15:34:39'),
(19, 2, 12, '2021-01-19', '2021-01-15 15:34:39'),
(20, 4, 6, '2021-01-18', '2021-01-15 15:34:39'),
(21, 4, 10, '2021-01-21', '2021-01-15 15:34:39'),
(22, 4, 6, '2021-01-14', '2021-01-15 15:34:39'),
(23, 3, 8, '2021-01-17', '2021-01-15 15:34:39'),
(24, 2, 11, '2021-01-27', '2021-01-15 15:34:39'),
(25, 1, 1, '2021-01-18', '2021-01-15 15:34:39'),
(26, 3, 12, '2021-01-13', '2021-01-15 15:34:39'),
(27, 1, 14, '2021-01-14', '2021-01-15 15:34:39'),
(28, 1, 15, '2021-01-23', '2021-01-15 15:34:39'),
(29, 3, 9, '2021-01-24', '2021-01-15 15:34:39'),
(30, 2, 16, '2021-01-21', '2021-01-15 15:34:39'),
(31, 4, 1, '2021-01-20', '2021-01-15 15:34:39'),
(32, 4, 9, '2021-01-21', '2021-01-15 15:34:39'),
(33, 3, 10, '2021-01-19', '2021-01-15 15:34:39'),
(34, 3, 12, '2021-01-20', '2021-01-15 15:34:39'),
(35, 3, 12, '2021-01-22', '2021-01-15 15:34:39'),
(36, 1, 3, '2021-01-15', '2021-01-15 15:34:39'),
(37, 2, 4, '2021-01-26', '2021-01-15 15:34:39'),
(38, 2, 19, '2021-01-28', '2021-01-15 15:34:39'),
(39, 2, 17, '2021-01-22', '2021-01-15 15:34:39'),
(40, 3, 18, '2021-01-26', '2021-01-15 15:34:39'),
(41, 3, 3, '2021-01-21', '2021-01-15 15:34:39'),
(42, 3, 2, '2021-01-24', '2021-01-15 15:34:39'),
(43, 3, 12, '2021-01-20', '2021-01-15 15:34:39'),
(44, 4, 17, '2021-01-27', '2021-01-15 15:34:39'),
(45, 4, 19, '2021-01-30', '2021-01-15 15:34:39'),
(46, 3, 14, '2021-01-25', '2021-01-15 15:34:39'),
(47, 1, 4, '2021-01-28', '2021-01-15 15:34:39'),
(48, 4, 12, '2021-01-19', '2021-01-15 15:34:39'),
(49, 3, 11, '2021-01-16', '2021-01-15 15:34:39'),
(50, 4, 20, '2021-01-25', '2021-01-15 15:34:39'),
(51, 3, 16, '2021-01-24', '2021-01-15 15:34:39'),
(52, 2, 3, '2021-01-25', '2021-01-15 15:34:39'),
(53, 3, 16, '2021-01-27', '2021-01-15 15:34:39'),
(54, 3, 19, '2021-01-13', '2021-01-15 15:34:39'),
(55, 1, 9, '2021-01-21', '2021-01-15 15:34:39'),
(56, 4, 15, '2021-01-22', '2021-01-15 15:34:39'),
(57, 2, 13, '2021-01-18', '2021-01-15 15:34:39'),
(58, 3, 7, '2021-01-27', '2021-01-15 15:34:39'),
(59, 1, 5, '2021-01-16', '2021-01-15 15:34:39'),
(60, 2, 20, '2021-01-19', '2021-01-15 15:34:39'),
(61, 2, 2, '2021-01-16', '2021-01-15 15:34:39'),
(62, 1, 1, '2021-01-27', '2021-01-15 15:34:39'),
(63, 4, 11, '2021-01-15', '2021-01-15 15:34:39'),
(64, 2, 8, '2021-01-20', '2021-01-15 15:34:39'),
(65, 4, 11, '2021-01-25', '2021-01-15 15:34:39'),
(66, 4, 19, '2021-01-24', '2021-01-15 15:34:39'),
(67, 2, 12, '2021-01-16', '2021-01-15 15:34:39'),
(68, 1, 12, '2021-01-19', '2021-01-15 15:34:39'),
(69, 2, 17, '2021-01-16', '2021-01-15 15:34:39'),
(70, 1, 15, '2021-01-21', '2021-01-15 15:34:39'),
(71, 3, 17, '2021-01-19', '2021-01-15 15:34:39'),
(72, 2, 15, '2021-01-17', '2021-01-15 15:34:39'),
(73, 1, 9, '2021-01-23', '2021-01-15 15:34:39'),
(74, 3, 14, '2021-01-13', '2021-01-15 15:34:39'),
(75, 1, 8, '2021-01-30', '2021-01-15 15:34:39'),
(76, 4, 7, '2021-01-13', '2021-01-15 15:34:39'),
(77, 3, 4, '2021-01-17', '2021-01-15 15:34:39'),
(78, 1, 18, '2021-01-18', '2021-01-15 15:34:39'),
(79, 4, 16, '2021-01-24', '2021-01-15 15:34:39'),
(80, 2, 9, '2021-01-14', '2021-01-15 15:34:39'),
(81, 2, 16, '2021-01-26', '2021-01-15 15:34:39'),
(82, 2, 1, '2021-01-14', '2021-01-15 15:34:39'),
(83, 1, 10, '2021-01-18', '2021-01-15 15:34:39'),
(84, 1, 1, '2021-01-24', '2021-01-15 15:34:39'),
(85, 3, 8, '2021-01-16', '2021-01-15 15:34:39'),
(86, 1, 13, '2021-01-28', '2021-01-15 15:34:39'),
(87, 4, 8, '2021-01-29', '2021-01-15 15:34:39'),
(88, 1, 16, '2021-01-30', '2021-01-15 15:34:39'),
(89, 4, 19, '2021-01-27', '2021-01-15 15:34:39'),
(90, 4, 13, '2021-01-23', '2021-01-15 15:34:39'),
(91, 1, 19, '2021-01-13', '2021-01-15 15:34:39'),
(92, 2, 17, '2021-01-23', '2021-01-15 15:34:39'),
(93, 3, 9, '2021-01-15', '2021-01-15 15:34:39'),
(94, 2, 11, '2021-01-14', '2021-01-15 15:34:39'),
(95, 4, 1, '2021-01-14', '2021-01-15 15:34:39'),
(96, 3, 3, '2021-01-14', '2021-01-15 15:34:39'),
(97, 3, 5, '2021-01-25', '2021-01-15 15:34:39'),
(98, 3, 19, '2021-01-23', '2021-01-15 15:34:39'),
(99, 3, 17, '2021-01-21', '2021-01-15 15:34:39'),
(100, 2, 19, '2021-01-23', '2021-01-15 15:34:39'),
(101, 3, 8, '2021-01-29', '2021-01-15 15:34:39'),
(102, 2, 6, '2021-01-15', '2021-01-15 15:34:39'),
(103, 1, 20, '2021-01-21', '2021-01-15 15:34:39'),
(104, 4, 15, '2021-01-17', '2021-01-15 15:34:39'),
(105, 1, 2, '2021-01-27', '2021-01-15 15:34:39'),
(106, 3, 5, '2021-01-14', '2021-01-15 15:34:39'),
(107, 3, 15, '2021-01-13', '2021-01-15 15:34:39'),
(108, 4, 18, '2021-01-19', '2021-01-15 15:34:39'),
(109, 4, 16, '2021-01-28', '2021-01-15 15:34:39'),
(110, 1, 18, '2021-01-16', '2021-01-15 15:34:39'),
(111, 1, 14, '2021-01-17', '2021-01-15 15:34:39'),
(112, 4, 9, '2021-01-19', '2021-01-15 15:34:39'),
(113, 3, 10, '2021-01-30', '2021-01-15 15:34:39'),
(114, 4, 17, '2021-01-28', '2021-01-15 15:34:39'),
(115, 1, 17, '2021-01-15', '2021-01-15 15:34:39'),
(116, 1, 4, '2021-01-23', '2021-01-15 15:34:39'),
(117, 3, 11, '2021-01-18', '2021-01-15 15:34:39'),
(118, 3, 2, '2021-01-26', '2021-01-15 15:34:39'),
(119, 1, 16, '2021-01-26', '2021-01-15 15:34:39'),
(120, 1, 18, '2021-01-18', '2021-01-15 15:34:39'),
(121, 3, 18, '2021-01-18', '2021-01-15 15:34:39'),
(122, 1, 9, '2021-01-16', '2021-01-15 15:34:39'),
(123, 1, 7, '2021-01-19', '2021-01-15 15:34:39'),
(124, 2, 5, '2021-01-25', '2021-01-15 15:34:39'),
(125, 1, 14, '2021-01-19', '2021-01-15 15:34:39'),
(126, 3, 1, '2021-01-17', '2021-01-15 15:34:39'),
(127, 3, 9, '2021-01-27', '2021-01-15 15:34:39'),
(128, 1, 1, '2021-01-22', '2021-01-15 15:34:39'),
(129, 4, 9, '2021-01-24', '2021-01-15 15:34:39'),
(130, 3, 18, '2021-01-27', '2021-01-15 15:34:39'),
(131, 3, 11, '2021-01-30', '2021-01-15 15:34:39'),
(132, 4, 8, '2021-01-20', '2021-01-15 15:34:39'),
(133, 1, 1, '2021-01-20', '2021-01-15 15:34:39'),
(134, 3, 16, '2021-01-13', '2021-01-15 15:34:39'),
(135, 2, 5, '2021-01-26', '2021-01-15 15:34:39'),
(136, 2, 4, '2021-01-16', '2021-01-15 15:34:39'),
(137, 2, 16, '2021-01-30', '2021-01-15 15:34:39'),
(138, 2, 3, '2021-01-20', '2021-01-15 15:34:39'),
(139, 1, 14, '2021-01-13', '2021-01-15 15:34:39'),
(140, 4, 16, '2021-01-25', '2021-01-15 15:34:39'),
(141, 3, 8, '2021-01-16', '2021-01-15 15:34:39'),
(142, 4, 18, '2021-01-24', '2021-01-15 15:34:39'),
(143, 1, 15, '2021-01-16', '2021-01-15 15:34:39'),
(144, 1, 8, '2021-01-17', '2021-01-15 15:34:39'),
(145, 1, 11, '2021-01-30', '2021-01-15 15:34:39'),
(146, 2, 17, '2021-01-24', '2021-01-15 15:34:39'),
(147, 3, 13, '2021-01-20', '2021-01-15 15:34:39'),
(148, 4, 9, '2021-01-24', '2021-01-15 15:34:39'),
(149, 4, 18, '2021-01-25', '2021-01-15 15:34:39'),
(150, 1, 20, '2021-01-25', '2021-01-15 15:34:39'),
(151, 1, 6, '2021-01-25', '2021-01-15 15:34:39'),
(152, 4, 19, '2021-01-27', '2021-01-15 15:34:39'),
(153, 4, 9, '2021-01-20', '2021-01-15 15:34:39'),
(154, 3, 15, '2021-01-17', '2021-01-15 15:34:39'),
(155, 2, 7, '2021-01-26', '2021-01-15 15:34:39'),
(156, 3, 12, '2021-01-22', '2021-01-15 15:34:39'),
(157, 4, 17, '2021-01-19', '2021-01-15 15:34:39'),
(158, 1, 17, '2021-01-30', '2021-01-15 15:34:39'),
(159, 4, 17, '2021-01-19', '2021-01-15 15:34:39'),
(160, 1, 5, '2021-01-19', '2021-01-15 15:34:39'),
(161, 2, 12, '2021-01-23', '2021-01-15 15:34:39'),
(162, 2, 1, '2021-01-18', '2021-01-15 15:34:39'),
(163, 2, 17, '2021-01-16', '2021-01-15 15:34:39'),
(164, 2, 2, '2021-01-17', '2021-01-15 15:34:39'),
(165, 4, 10, '2021-01-17', '2021-01-15 15:34:39'),
(166, 2, 16, '2021-01-16', '2021-01-15 15:34:39'),
(167, 2, 19, '2021-01-30', '2021-01-15 15:34:39'),
(168, 2, 20, '2021-01-17', '2021-01-15 15:34:39'),
(169, 3, 3, '2021-01-25', '2021-01-15 15:34:39'),
(170, 3, 11, '2021-01-24', '2021-01-15 15:34:39'),
(171, 3, 8, '2021-01-28', '2021-01-15 15:34:39'),
(172, 2, 12, '2021-01-17', '2021-01-15 15:34:39'),
(173, 2, 9, '2021-01-20', '2021-01-15 15:34:39'),
(174, 3, 5, '2021-01-17', '2021-01-15 15:34:39'),
(175, 4, 4, '2021-01-29', '2021-01-15 15:34:39'),
(176, 2, 12, '2021-01-26', '2021-01-15 15:34:39'),
(177, 2, 13, '2021-01-28', '2021-01-15 15:34:39'),
(178, 3, 13, '2021-01-13', '2021-01-15 15:34:39'),
(179, 1, 6, '2021-01-20', '2021-01-15 15:34:39'),
(180, 3, 10, '2021-01-19', '2021-01-15 15:34:39'),
(181, 3, 12, '2021-01-16', '2021-01-15 15:34:39'),
(182, 2, 8, '2021-01-17', '2021-01-15 15:34:39'),
(183, 4, 4, '2021-01-29', '2021-01-15 15:34:39'),
(184, 4, 3, '2021-01-17', '2021-01-15 15:34:39'),
(185, 3, 20, '2021-01-16', '2021-01-15 15:34:39'),
(186, 2, 11, '2021-01-13', '2021-01-15 15:34:39'),
(187, 2, 5, '2021-01-22', '2021-01-15 15:34:39'),
(188, 1, 15, '2021-01-15', '2021-01-15 15:34:39'),
(189, 4, 17, '2021-01-21', '2021-01-15 15:34:39'),
(190, 1, 16, '2021-01-30', '2021-01-15 15:34:39'),
(191, 1, 3, '2021-01-24', '2021-01-15 15:34:39'),
(192, 3, 17, '2021-01-13', '2021-01-15 15:34:39'),
(193, 4, 2, '2021-01-30', '2021-01-15 15:34:39'),
(194, 2, 13, '2021-01-25', '2021-01-15 15:34:39'),
(195, 4, 12, '2021-01-16', '2021-01-15 15:34:39'),
(196, 1, 2, '2021-01-28', '2021-01-15 15:34:39'),
(197, 2, 2, '2021-01-26', '2021-01-15 15:34:39'),
(198, 1, 1, '2021-01-30', '2021-01-15 15:34:39'),
(199, 4, 8, '2021-01-15', '2021-01-15 15:34:39'),
(200, 4, 2, '2021-01-25', '2021-01-15 15:34:39'),
(201, 4, 16, '2021-01-29', '2021-01-15 15:34:39'),
(202, 3, 10, '2021-01-27', '2021-01-15 15:34:39'),
(203, 4, 11, '2021-01-23', '2021-01-15 15:34:39'),
(204, 1, 9, '2021-01-24', '2021-01-15 15:34:39'),
(205, 4, 16, '2021-01-26', '2021-01-15 15:34:39'),
(206, 3, 15, '2021-01-21', '2021-01-15 15:34:39'),
(207, 4, 3, '2021-01-30', '2021-01-15 15:34:39'),
(208, 4, 12, '2021-01-27', '2021-01-15 15:34:39'),
(209, 4, 20, '2021-01-22', '2021-01-15 15:34:39'),
(210, 2, 9, '2021-01-24', '2021-01-15 15:34:39'),
(211, 1, 16, '2021-01-19', '2021-01-15 15:34:39'),
(212, 4, 1, '2021-01-30', '2021-01-15 15:34:39'),
(213, 4, 12, '2021-01-23', '2021-01-15 15:34:39'),
(214, 3, 16, '2021-01-18', '2021-01-15 15:34:39'),
(215, 1, 1, '2021-01-24', '2021-01-15 15:34:39'),
(216, 3, 4, '2021-01-16', '2021-01-15 15:34:39'),
(217, 3, 17, '2021-01-22', '2021-01-15 15:34:39'),
(218, 2, 2, '2021-01-28', '2021-01-15 15:34:39'),
(219, 4, 20, '2021-01-21', '2021-01-15 15:34:39'),
(220, 3, 14, '2021-01-29', '2021-01-15 15:34:39'),
(221, 1, 20, '2021-01-23', '2021-01-15 15:34:39'),
(222, 3, 20, '2021-01-21', '2021-01-15 15:34:39'),
(223, 2, 9, '2021-01-24', '2021-01-15 15:34:39'),
(224, 1, 2, '2021-01-26', '2021-01-15 15:34:39'),
(225, 2, 17, '2021-01-28', '2021-01-15 15:34:39'),
(226, 2, 9, '2021-01-20', '2021-01-15 15:34:39'),
(227, 3, 20, '2021-01-21', '2021-01-15 15:34:39'),
(228, 4, 4, '2021-01-26', '2021-01-15 15:34:39'),
(229, 3, 19, '2021-01-14', '2021-01-15 15:34:39'),
(230, 4, 17, '2021-01-17', '2021-01-15 15:34:39'),
(231, 4, 14, '2021-01-16', '2021-01-15 15:34:39'),
(232, 1, 17, '2021-01-19', '2021-01-15 15:34:39'),
(233, 2, 8, '2021-01-22', '2021-01-15 15:34:39'),
(234, 3, 14, '2021-01-15', '2021-01-15 15:34:39'),
(235, 2, 19, '2021-01-24', '2021-01-15 15:34:39'),
(236, 1, 12, '2021-01-16', '2021-01-15 15:34:39'),
(237, 4, 8, '2021-01-14', '2021-01-15 15:34:39'),
(238, 2, 8, '2021-01-20', '2021-01-15 15:34:39'),
(239, 2, 18, '2021-01-29', '2021-01-15 15:34:39'),
(240, 4, 6, '2021-01-28', '2021-01-15 15:34:39'),
(241, 2, 16, '2021-01-19', '2021-01-15 15:34:39'),
(242, 1, 17, '2021-01-28', '2021-01-15 15:34:39'),
(243, 4, 7, '2021-01-28', '2021-01-15 15:34:39'),
(244, 3, 8, '2021-01-15', '2021-01-15 15:34:39'),
(245, 3, 11, '2021-01-20', '2021-01-15 15:34:39'),
(246, 4, 3, '2021-01-25', '2021-01-15 15:34:39'),
(247, 4, 14, '2021-01-27', '2021-01-15 15:34:39'),
(248, 3, 12, '2021-01-30', '2021-01-15 15:34:39'),
(249, 4, 3, '2021-01-28', '2021-01-15 15:34:39'),
(250, 2, 12, '2021-01-16', '2021-01-15 15:34:39'),
(251, 1, 1, '2021-01-13', '2021-01-15 15:34:39'),
(252, 4, 15, '2021-01-18', '2021-01-15 15:34:39'),
(253, 3, 17, '2021-01-16', '2021-01-15 15:34:39'),
(254, 1, 6, '2021-01-30', '2021-01-15 15:34:39'),
(255, 3, 19, '2021-01-18', '2021-01-15 15:34:39'),
(256, 3, 20, '2021-01-24', '2021-01-15 15:34:39'),
(257, 1, 16, '2021-01-16', '2021-01-15 15:34:39'),
(258, 3, 4, '2021-01-29', '2021-01-15 15:34:39'),
(259, 1, 2, '2021-01-20', '2021-01-15 15:34:39'),
(260, 3, 15, '2021-01-29', '2021-01-15 15:34:39'),
(261, 3, 1, '2021-01-20', '2021-01-15 15:34:39'),
(262, 3, 3, '2021-01-21', '2021-01-15 15:34:39'),
(263, 1, 6, '2021-01-28', '2021-01-15 15:34:39'),
(264, 2, 7, '2021-01-29', '2021-01-15 15:34:39'),
(265, 1, 17, '2021-01-14', '2021-01-15 15:34:39'),
(266, 4, 20, '2021-01-25', '2021-01-15 15:34:39'),
(267, 1, 4, '2021-01-20', '2021-01-15 15:34:39'),
(268, 2, 20, '2021-01-28', '2021-01-15 15:34:39'),
(269, 1, 5, '2021-01-18', '2021-01-15 15:34:39'),
(270, 2, 6, '2021-01-14', '2021-01-15 15:34:39'),
(271, 3, 5, '2021-01-24', '2021-01-15 15:34:39'),
(272, 1, 1, '2021-01-16', '2021-01-15 15:34:39'),
(273, 2, 14, '2021-01-14', '2021-01-15 15:34:39'),
(274, 3, 12, '2021-01-13', '2021-01-15 15:34:39'),
(275, 1, 13, '2021-01-15', '2021-01-15 15:34:39'),
(276, 2, 5, '2021-01-14', '2021-01-15 15:34:39'),
(277, 4, 15, '2021-01-18', '2021-01-15 15:34:39'),
(278, 4, 18, '2021-01-26', '2021-01-15 15:34:39'),
(279, 3, 6, '2021-01-18', '2021-01-15 15:34:39'),
(280, 4, 1, '2021-01-13', '2021-01-15 15:34:39'),
(281, 1, 8, '2021-01-17', '2021-01-15 15:34:39'),
(282, 3, 17, '2021-01-21', '2021-01-15 15:34:39'),
(283, 1, 19, '2021-01-21', '2021-01-15 15:34:39'),
(284, 1, 10, '2021-01-17', '2021-01-15 15:34:39'),
(285, 3, 7, '2021-01-16', '2021-01-15 15:34:39'),
(286, 2, 5, '2021-01-28', '2021-01-15 15:34:39'),
(287, 1, 6, '2021-01-16', '2021-01-15 15:34:39'),
(288, 2, 14, '2021-01-23', '2021-01-15 15:34:39'),
(289, 1, 1, '2021-01-23', '2021-01-15 15:34:39'),
(290, 4, 19, '2021-01-30', '2021-01-15 15:34:39'),
(291, 1, 17, '2021-01-14', '2021-01-15 15:34:39'),
(292, 2, 18, '2021-01-22', '2021-01-15 15:34:39'),
(293, 4, 8, '2021-01-19', '2021-01-15 15:34:39'),
(294, 3, 20, '2021-01-28', '2021-01-15 15:34:39'),
(295, 4, 18, '2021-01-13', '2021-01-15 15:34:39'),
(296, 1, 4, '2021-01-15', '2021-01-15 15:34:39'),
(297, 1, 8, '2021-01-20', '2021-01-15 15:34:39'),
(298, 3, 18, '2021-01-14', '2021-01-15 15:34:39'),
(299, 1, 10, '2021-01-30', '2021-01-15 15:34:39'),
(300, 4, 2, '2021-01-29', '2021-01-15 15:34:39'),
(301, 1, 7, '2021-01-18', '2021-01-15 15:34:39'),
(302, 4, 17, '2021-01-23', '2021-01-15 15:34:39'),
(303, 2, 18, '2021-01-23', '2021-01-15 15:34:39'),
(304, 2, 7, '2021-01-27', '2021-01-15 15:34:39'),
(305, 4, 19, '2021-01-13', '2021-01-15 15:34:39'),
(306, 4, 20, '2021-01-27', '2021-01-15 15:34:39'),
(307, 2, 6, '2021-01-14', '2021-01-15 15:34:39'),
(308, 3, 14, '2021-01-20', '2021-01-15 15:34:39'),
(309, 1, 1, '2021-01-28', '2021-01-15 15:34:39'),
(310, 3, 2, '2021-01-23', '2021-01-15 15:34:39'),
(311, 3, 6, '2021-01-24', '2021-01-15 15:34:39'),
(312, 3, 3, '2021-01-13', '2021-01-15 15:34:39'),
(313, 1, 11, '2021-01-26', '2021-01-15 15:34:39'),
(314, 4, 17, '2021-01-20', '2021-01-15 15:34:39'),
(315, 2, 19, '2021-01-13', '2021-01-15 15:34:39'),
(316, 3, 19, '2021-01-29', '2021-01-15 15:34:39'),
(317, 1, 2, '2021-01-27', '2021-01-15 15:34:39'),
(318, 2, 12, '2021-01-21', '2021-01-15 15:34:39'),
(319, 2, 13, '2021-01-23', '2021-01-15 15:34:39'),
(320, 2, 14, '2021-01-15', '2021-01-15 15:34:39'),
(321, 2, 14, '2021-01-17', '2021-01-15 15:34:39'),
(322, 4, 9, '2021-01-28', '2021-01-15 15:34:39'),
(323, 3, 3, '2021-01-23', '2021-01-15 15:34:39'),
(324, 3, 3, '2021-01-16', '2021-01-15 15:34:39'),
(325, 1, 11, '2021-01-20', '2021-01-15 15:34:39'),
(326, 4, 9, '2021-01-26', '2021-01-15 15:34:39'),
(327, 2, 4, '2021-01-13', '2021-01-15 15:34:39'),
(328, 1, 16, '2021-01-20', '2021-01-15 15:34:39'),
(329, 1, 17, '2021-01-27', '2021-01-15 15:34:39'),
(330, 2, 4, '2021-01-25', '2021-01-15 15:34:39'),
(331, 3, 11, '2021-01-26', '2021-01-15 15:34:39'),
(332, 2, 3, '2021-01-17', '2021-01-15 15:34:39'),
(333, 1, 16, '2021-01-29', '2021-01-15 15:34:39'),
(334, 2, 10, '2021-01-22', '2021-01-15 15:34:39'),
(335, 3, 20, '2021-01-13', '2021-01-15 15:34:39'),
(336, 1, 9, '2021-01-20', '2021-01-15 15:34:39'),
(337, 3, 20, '2021-01-24', '2021-01-15 15:34:39'),
(338, 1, 15, '2021-01-24', '2021-01-15 15:34:39'),
(339, 3, 14, '2021-01-17', '2021-01-15 15:34:39'),
(340, 4, 1, '2021-01-16', '2021-01-15 15:34:39'),
(341, 3, 6, '2021-01-30', '2021-01-15 15:34:39'),
(342, 1, 3, '2021-01-14', '2021-01-15 15:34:39'),
(343, 4, 11, '2021-01-29', '2021-01-15 15:34:39'),
(344, 1, 2, '2021-01-20', '2021-01-15 15:34:39'),
(345, 4, 1, '2021-01-21', '2021-01-15 15:34:39'),
(346, 3, 15, '2021-01-29', '2021-01-15 15:34:39'),
(347, 1, 10, '2021-01-23', '2021-01-15 15:34:39'),
(348, 3, 2, '2021-01-26', '2021-01-15 15:34:39'),
(349, 1, 19, '2021-01-28', '2021-01-15 15:34:39'),
(350, 3, 10, '2021-01-14', '2021-01-15 15:34:39'),
(351, 2, 5, '2021-01-25', '2021-01-15 15:34:39'),
(352, 1, 15, '2021-01-21', '2021-01-15 15:34:39'),
(353, 3, 14, '2021-01-30', '2021-01-15 15:34:39'),
(354, 4, 12, '2021-01-25', '2021-01-15 15:34:39'),
(355, 3, 1, '2021-01-24', '2021-01-15 15:34:39'),
(356, 4, 17, '2021-01-30', '2021-01-15 15:34:39'),
(357, 4, 5, '2021-01-18', '2021-01-15 15:34:39'),
(358, 1, 12, '2021-01-15', '2021-01-15 15:34:39'),
(359, 3, 20, '2021-01-13', '2021-01-15 15:34:39'),
(360, 2, 12, '2021-01-14', '2021-01-15 15:34:39'),
(361, 4, 7, '2021-01-18', '2021-01-15 15:34:39'),
(362, 1, 3, '2021-01-13', '2021-01-15 15:34:39'),
(363, 1, 11, '2021-01-28', '2021-01-15 15:34:39'),
(364, 2, 6, '2021-01-23', '2021-01-15 15:34:39'),
(365, 4, 16, '2021-01-16', '2021-01-15 15:34:39'),
(366, 3, 16, '2021-01-26', '2021-01-15 15:34:39'),
(367, 1, 13, '2021-01-22', '2021-01-15 15:34:39'),
(368, 3, 3, '2021-01-29', '2021-01-15 15:34:39'),
(369, 2, 2, '2021-01-30', '2021-01-15 15:34:39'),
(370, 1, 14, '2021-01-20', '2021-01-15 15:34:39'),
(371, 2, 17, '2021-01-30', '2021-01-15 15:34:39'),
(372, 1, 20, '2021-01-21', '2021-01-15 15:34:39'),
(373, 4, 11, '2021-01-25', '2021-01-15 15:34:39'),
(374, 1, 15, '2021-01-29', '2021-01-15 15:34:39'),
(375, 4, 17, '2021-01-23', '2021-01-15 15:34:39'),
(376, 2, 11, '2021-01-23', '2021-01-15 15:34:39'),
(377, 2, 16, '2021-01-24', '2021-01-15 15:34:39'),
(378, 3, 20, '2021-01-23', '2021-01-15 15:34:39'),
(379, 3, 2, '2021-01-22', '2021-01-15 15:34:39'),
(380, 2, 20, '2021-01-26', '2021-01-15 15:34:39'),
(381, 2, 11, '2021-01-17', '2021-01-15 15:34:39'),
(382, 3, 15, '2021-01-13', '2021-01-15 15:34:39'),
(383, 1, 17, '2021-01-13', '2021-01-15 15:34:39'),
(384, 2, 4, '2021-01-26', '2021-01-15 15:34:39'),
(385, 2, 19, '2021-01-16', '2021-01-15 15:34:39'),
(386, 4, 9, '2021-01-20', '2021-01-15 15:34:39'),
(387, 2, 16, '2021-01-13', '2021-01-15 15:34:39'),
(388, 3, 18, '2021-01-27', '2021-01-15 15:34:39'),
(389, 1, 8, '2021-01-13', '2021-01-15 15:34:39'),
(390, 2, 15, '2021-01-15', '2021-01-15 15:34:39'),
(391, 3, 1, '2021-01-20', '2021-01-15 15:34:39'),
(392, 4, 15, '2021-01-24', '2021-01-15 15:34:39'),
(393, 1, 8, '2021-01-18', '2021-01-15 15:34:39'),
(394, 1, 5, '2021-01-13', '2021-01-15 15:34:39'),
(395, 3, 2, '2021-01-29', '2021-01-15 15:34:39'),
(396, 2, 4, '2021-01-23', '2021-01-15 15:34:39'),
(397, 1, 8, '2021-01-19', '2021-01-15 15:34:39'),
(398, 1, 8, '2021-01-16', '2021-01-15 15:34:39'),
(399, 3, 20, '2021-01-30', '2021-01-15 15:34:39'),
(400, 3, 5, '2021-01-16', '2021-01-15 15:34:39'),
(401, 4, 7, '2021-01-24', '2021-01-15 15:34:39'),
(402, 3, 2, '2021-01-13', '2021-01-15 15:34:39'),
(403, 1, 16, '2021-01-28', '2021-01-15 15:34:39'),
(404, 1, 15, '2021-01-14', '2021-01-15 15:34:39'),
(405, 3, 1, '2021-01-30', '2021-01-15 15:34:39'),
(406, 1, 10, '2021-01-16', '2021-01-15 15:34:39'),
(407, 1, 14, '2021-01-29', '2021-01-15 15:34:39'),
(408, 2, 14, '2021-01-14', '2021-01-15 15:34:39'),
(409, 3, 13, '2021-01-21', '2021-01-15 15:34:39'),
(410, 4, 3, '2021-01-23', '2021-01-15 15:34:39'),
(411, 4, 16, '2021-01-17', '2021-01-15 15:34:39'),
(412, 3, 15, '2021-01-19', '2021-01-15 15:34:39'),
(413, 1, 2, '2021-01-28', '2021-01-15 15:34:39'),
(414, 1, 15, '2021-01-30', '2021-01-15 15:34:39'),
(415, 1, 2, '2021-01-25', '2021-01-15 15:34:39'),
(416, 2, 20, '2021-01-27', '2021-01-15 15:34:39'),
(417, 2, 13, '2021-01-24', '2021-01-15 15:34:39'),
(418, 3, 13, '2021-01-29', '2021-01-15 15:34:39'),
(419, 2, 8, '2021-01-28', '2021-01-15 15:34:39'),
(420, 3, 1, '2021-01-20', '2021-01-15 15:34:39'),
(421, 1, 15, '2021-01-29', '2021-01-15 15:34:39'),
(422, 3, 7, '2021-01-17', '2021-01-15 15:34:39'),
(423, 4, 10, '2021-01-19', '2021-01-15 15:34:39'),
(424, 1, 15, '2021-01-28', '2021-01-15 15:34:39'),
(425, 2, 14, '2021-01-18', '2021-01-15 15:34:39'),
(426, 3, 2, '2021-01-19', '2021-01-15 15:34:39'),
(427, 3, 5, '2021-01-29', '2021-01-15 15:34:39'),
(428, 1, 16, '2021-01-14', '2021-01-15 15:34:39'),
(429, 2, 6, '2021-01-27', '2021-01-15 15:34:39'),
(430, 3, 7, '2021-01-13', '2021-01-15 15:34:39'),
(431, 2, 17, '2021-01-27', '2021-01-15 15:34:39'),
(432, 2, 17, '2021-01-29', '2021-01-15 15:34:39'),
(433, 1, 9, '2021-01-19', '2021-01-15 15:34:39'),
(434, 3, 5, '2021-01-29', '2021-01-15 15:34:39'),
(435, 1, 13, '2021-01-29', '2021-01-15 15:34:39'),
(436, 2, 9, '2021-01-18', '2021-01-15 15:34:39'),
(437, 3, 2, '2021-01-22', '2021-01-15 15:34:39'),
(438, 4, 1, '2021-01-15', '2021-01-15 15:34:39'),
(439, 4, 13, '2021-01-28', '2021-01-15 15:34:39'),
(440, 4, 17, '2021-01-24', '2021-01-15 15:34:39'),
(441, 1, 2, '2021-01-25', '2021-01-15 15:34:39'),
(442, 3, 3, '2021-01-28', '2021-01-15 15:34:39'),
(443, 3, 14, '2021-01-30', '2021-01-15 15:34:39'),
(444, 4, 20, '2021-01-29', '2021-01-15 15:34:39'),
(445, 3, 2, '2021-01-15', '2021-01-15 15:34:39'),
(446, 2, 14, '2021-01-13', '2021-01-15 15:34:39'),
(447, 4, 18, '2021-01-28', '2021-01-15 15:34:39'),
(448, 4, 12, '2021-01-29', '2021-01-15 15:34:39'),
(449, 4, 17, '2021-01-27', '2021-01-15 15:34:39'),
(450, 2, 19, '2021-01-27', '2021-01-15 15:34:39'),
(451, 4, 17, '2021-01-16', '2021-01-15 15:34:39'),
(452, 1, 7, '2021-01-26', '2021-01-15 15:34:39'),
(453, 3, 9, '2021-01-24', '2021-01-15 15:34:39'),
(454, 4, 9, '2021-01-16', '2021-01-15 15:34:39'),
(455, 1, 6, '2021-01-26', '2021-01-15 15:34:39'),
(456, 2, 9, '2021-01-28', '2021-01-15 15:34:39'),
(457, 2, 3, '2021-01-29', '2021-01-15 15:34:39'),
(458, 2, 15, '2021-01-22', '2021-01-15 15:34:39'),
(459, 3, 6, '2021-01-18', '2021-01-15 15:34:39'),
(460, 3, 6, '2021-01-13', '2021-01-15 15:34:39'),
(461, 3, 3, '2021-01-20', '2021-01-15 15:34:39'),
(462, 2, 13, '2021-01-29', '2021-01-15 15:34:39'),
(463, 2, 17, '2021-01-22', '2021-01-15 15:34:39'),
(464, 4, 5, '2021-01-22', '2021-01-15 15:34:39'),
(465, 3, 3, '2021-01-21', '2021-01-15 15:34:39'),
(466, 4, 3, '2021-01-14', '2021-01-15 15:34:39'),
(467, 4, 13, '2021-01-19', '2021-01-15 15:34:39'),
(468, 1, 6, '2021-01-18', '2021-01-15 15:34:39'),
(469, 2, 3, '2021-01-18', '2021-01-15 15:34:39'),
(470, 2, 4, '2021-01-19', '2021-01-15 15:34:39'),
(471, 2, 1, '2021-01-15', '2021-01-15 15:34:39'),
(472, 3, 15, '2021-01-19', '2021-01-15 15:34:39'),
(473, 1, 13, '2021-01-16', '2021-01-15 15:34:39'),
(474, 3, 6, '2021-01-28', '2021-01-15 15:34:39'),
(475, 3, 5, '2021-01-17', '2021-01-15 15:34:39'),
(476, 1, 1, '2021-01-25', '2021-01-15 15:34:39'),
(477, 3, 2, '2021-01-28', '2021-01-15 15:34:39'),
(478, 3, 17, '2021-01-24', '2021-01-15 15:34:39'),
(479, 2, 10, '2021-01-30', '2021-01-15 15:34:39'),
(480, 4, 13, '2021-01-16', '2021-01-15 15:34:39'),
(481, 4, 11, '2021-01-15', '2021-01-15 15:34:39'),
(482, 3, 15, '2021-01-17', '2021-01-15 15:34:39'),
(483, 2, 12, '2021-01-26', '2021-01-15 15:34:39'),
(484, 3, 11, '2021-01-15', '2021-01-15 15:34:39'),
(485, 4, 14, '2021-01-23', '2021-01-15 15:34:39'),
(486, 3, 19, '2021-01-30', '2021-01-15 15:34:39'),
(487, 4, 8, '2021-01-19', '2021-01-15 15:34:39'),
(488, 4, 6, '2021-01-15', '2021-01-15 15:34:39'),
(489, 3, 10, '2021-01-20', '2021-01-15 15:34:39'),
(490, 4, 14, '2021-01-27', '2021-01-15 15:34:39'),
(491, 4, 9, '2021-01-21', '2021-01-15 15:34:39'),
(492, 4, 3, '2021-01-13', '2021-01-15 15:34:39'),
(493, 2, 2, '2021-01-21', '2021-01-15 15:34:39'),
(494, 3, 5, '2021-01-16', '2021-01-15 15:34:39'),
(495, 3, 4, '2021-01-29', '2021-01-15 15:34:39'),
(496, 1, 17, '2021-01-22', '2021-01-15 15:34:39'),
(497, 3, 10, '2021-01-19', '2021-01-15 15:34:39'),
(498, 3, 16, '2021-01-28', '2021-01-15 15:34:39'),
(499, 4, 7, '2021-01-21', '2021-01-15 15:34:39'),
(500, 3, 11, '2021-01-14', '2021-01-15 15:34:39'),
(501, 2, 2, '2021-01-15', '2021-01-15 15:34:39'),
(502, 2, 15, '2021-01-29', '2021-01-15 15:34:39'),
(503, 3, 2, '2021-01-20', '2021-01-15 15:34:39'),
(504, 2, 4, '2021-01-24', '2021-01-15 15:34:39'),
(505, 4, 12, '2021-01-17', '2021-01-15 15:34:39'),
(506, 4, 4, '2021-01-15', '2021-01-15 15:34:39'),
(507, 4, 2, '2021-01-27', '2021-01-15 15:34:39'),
(508, 2, 19, '2021-01-22', '2021-01-15 15:34:39'),
(509, 3, 2, '2021-01-13', '2021-01-15 15:34:39'),
(510, 3, 15, '2021-01-18', '2021-01-15 15:34:39'),
(511, 2, 9, '2021-01-20', '2021-01-15 15:34:39'),
(512, 3, 7, '2021-01-25', '2021-01-15 15:34:39'),
(513, 1, 2, '2021-01-13', '2021-01-15 15:34:39'),
(514, 4, 6, '2021-01-29', '2021-01-15 15:34:39'),
(515, 1, 13, '2021-01-15', '2021-01-15 15:34:39'),
(516, 4, 18, '2021-01-26', '2021-01-15 15:34:39'),
(517, 2, 2, '2021-01-17', '2021-01-15 15:34:39'),
(518, 4, 4, '2021-01-23', '2021-01-15 15:34:39'),
(519, 2, 9, '2021-01-29', '2021-01-15 15:34:39'),
(520, 2, 12, '2021-01-24', '2021-01-15 15:34:39'),
(521, 2, 12, '2021-01-20', '2021-01-15 15:34:39'),
(522, 3, 18, '2021-01-24', '2021-01-15 15:34:39'),
(523, 4, 17, '2021-01-19', '2021-01-15 15:34:39'),
(524, 1, 13, '2021-01-30', '2021-01-15 15:34:39'),
(525, 2, 8, '2021-01-25', '2021-01-15 15:34:39'),
(526, 2, 17, '2021-01-17', '2021-01-15 15:34:39'),
(527, 1, 4, '2021-01-22', '2021-01-15 15:34:39'),
(528, 3, 17, '2021-01-27', '2021-01-15 15:34:39'),
(529, 2, 7, '2021-01-16', '2021-01-15 15:34:39'),
(530, 3, 16, '2021-01-23', '2021-01-15 15:34:39'),
(531, 3, 7, '2021-01-17', '2021-01-15 15:34:39'),
(532, 4, 17, '2021-01-23', '2021-01-15 15:34:39'),
(533, 4, 5, '2021-01-16', '2021-01-15 15:34:39'),
(534, 2, 20, '2021-01-30', '2021-01-15 15:34:39'),
(535, 4, 15, '2021-01-23', '2021-01-15 15:34:39'),
(536, 4, 15, '2021-01-30', '2021-01-15 15:34:39'),
(537, 1, 18, '2021-01-25', '2021-01-15 15:34:39'),
(538, 2, 17, '2021-01-14', '2021-01-15 15:34:39'),
(539, 1, 20, '2021-01-26', '2021-01-15 15:34:39'),
(540, 4, 14, '2021-01-18', '2021-01-15 15:34:39'),
(541, 3, 5, '2021-01-21', '2021-01-15 15:34:39'),
(542, 4, 14, '2021-01-26', '2021-01-15 15:34:39'),
(543, 4, 9, '2021-01-18', '2021-01-15 15:34:39'),
(544, 2, 16, '2021-01-29', '2021-01-15 15:34:39'),
(545, 1, 10, '2021-01-20', '2021-01-15 15:34:39'),
(546, 4, 10, '2021-01-25', '2021-01-15 15:34:39'),
(547, 1, 12, '2021-01-26', '2021-01-15 15:34:39'),
(548, 1, 18, '2021-01-21', '2021-01-15 15:34:39'),
(549, 1, 11, '2021-01-30', '2021-01-15 15:34:39'),
(550, 2, 7, '2021-01-26', '2021-01-15 15:34:39'),
(551, 2, 10, '2021-01-29', '2021-01-15 15:34:39'),
(552, 2, 3, '2021-01-16', '2021-01-15 15:34:39'),
(553, 3, 12, '2021-01-19', '2021-01-15 15:34:39'),
(554, 1, 6, '2021-01-16', '2021-01-15 15:34:39'),
(555, 2, 4, '2021-01-21', '2021-01-15 15:34:39'),
(556, 4, 1, '2021-01-13', '2021-01-15 15:34:39'),
(557, 4, 18, '2021-01-26', '2021-01-15 15:34:39'),
(558, 1, 8, '2021-01-21', '2021-01-15 15:34:39'),
(559, 4, 17, '2021-01-26', '2021-01-15 15:34:39'),
(560, 4, 11, '2021-01-19', '2021-01-15 15:34:39'),
(561, 4, 10, '2021-01-18', '2021-01-15 15:34:39'),
(562, 2, 17, '2021-01-14', '2021-01-15 15:34:39'),
(563, 1, 16, '2021-01-19', '2021-01-15 15:34:39'),
(564, 1, 1, '2021-01-19', '2021-01-15 15:34:39'),
(565, 3, 18, '2021-01-23', '2021-01-15 15:34:39'),
(566, 1, 17, '2021-01-21', '2021-01-15 15:34:39'),
(567, 2, 2, '2021-01-20', '2021-01-15 15:34:39'),
(568, 3, 9, '2021-01-28', '2021-01-15 15:34:39'),
(569, 4, 14, '2021-01-27', '2021-01-15 15:34:39'),
(570, 4, 5, '2021-01-24', '2021-01-15 15:34:39'),
(571, 3, 18, '2021-01-22', '2021-01-15 15:34:39'),
(572, 2, 5, '2021-01-22', '2021-01-15 15:34:39'),
(573, 3, 17, '2021-01-25', '2021-01-15 15:34:39'),
(574, 2, 1, '2021-01-28', '2021-01-15 15:34:39'),
(575, 2, 14, '2021-01-26', '2021-01-15 15:34:39'),
(576, 1, 18, '2021-01-24', '2021-01-15 15:34:39'),
(577, 1, 20, '2021-01-16', '2021-01-15 15:34:39'),
(578, 2, 7, '2021-01-13', '2021-01-15 15:34:39'),
(579, 4, 13, '2021-01-29', '2021-01-15 15:34:39'),
(580, 1, 12, '2021-01-19', '2021-01-15 15:34:39'),
(581, 3, 13, '2021-01-15', '2021-01-15 15:34:39'),
(582, 4, 1, '2021-01-23', '2021-01-15 15:34:39'),
(583, 1, 5, '2021-01-26', '2021-01-15 15:34:39'),
(584, 4, 20, '2021-01-22', '2021-01-15 15:34:39'),
(585, 4, 11, '2021-01-17', '2021-01-15 15:34:39'),
(586, 4, 6, '2021-01-21', '2021-01-15 15:34:39'),
(587, 3, 18, '2021-01-30', '2021-01-15 15:34:39'),
(588, 1, 8, '2021-01-25', '2021-01-15 15:34:39'),
(589, 2, 3, '2021-01-14', '2021-01-15 15:34:39'),
(590, 2, 11, '2021-01-28', '2021-01-15 15:34:39'),
(591, 3, 15, '2021-01-29', '2021-01-15 15:34:39'),
(592, 3, 18, '2021-01-13', '2021-01-15 15:34:39'),
(593, 4, 2, '2021-01-25', '2021-01-15 15:34:39'),
(594, 2, 20, '2021-01-18', '2021-01-15 15:34:39'),
(595, 4, 13, '2021-01-14', '2021-01-15 15:34:39'),
(596, 3, 16, '2021-01-14', '2021-01-15 15:34:39'),
(597, 4, 5, '2021-01-25', '2021-01-15 15:34:39'),
(598, 1, 1, '2021-01-17', '2021-01-15 15:34:39'),
(599, 1, 6, '2021-01-15', '2021-01-15 15:34:39'),
(600, 1, 8, '2021-01-27', '2021-01-15 15:34:39'),
(601, 2, 12, '2021-01-19', '2021-01-15 15:34:39'),
(602, 4, 9, '2021-01-21', '2021-01-15 15:34:39'),
(603, 2, 1, '2021-01-23', '2021-01-15 15:34:39'),
(604, 4, 6, '2021-01-24', '2021-01-15 15:34:39'),
(605, 2, 16, '2021-01-28', '2021-01-15 15:34:39'),
(606, 4, 13, '2021-01-14', '2021-01-15 15:34:39'),
(607, 3, 16, '2021-01-29', '2021-01-15 15:34:39'),
(608, 2, 14, '2021-01-19', '2021-01-15 15:34:39'),
(609, 3, 7, '2021-01-16', '2021-01-15 15:34:39'),
(610, 3, 13, '2021-01-23', '2021-01-15 15:34:39'),
(611, 4, 5, '2021-01-30', '2021-01-15 15:34:39'),
(612, 1, 15, '2021-01-27', '2021-01-15 15:34:39'),
(613, 3, 9, '2021-01-30', '2021-01-15 15:34:39'),
(614, 1, 5, '2021-01-25', '2021-01-15 15:34:39'),
(615, 1, 18, '2021-01-14', '2021-01-15 15:34:39'),
(616, 1, 19, '2021-01-30', '2021-01-15 15:34:39'),
(617, 2, 3, '2021-01-21', '2021-01-15 15:34:39'),
(618, 3, 14, '2021-01-15', '2021-01-15 15:34:39'),
(619, 1, 10, '2021-01-20', '2021-01-15 15:34:39'),
(620, 2, 13, '2021-01-15', '2021-01-15 15:34:39'),
(621, 3, 16, '2021-01-28', '2021-01-15 15:34:39'),
(622, 3, 13, '2021-01-27', '2021-01-15 15:34:39'),
(623, 1, 3, '2021-01-26', '2021-01-15 15:34:39'),
(624, 4, 9, '2021-01-14', '2021-01-15 15:34:39'),
(625, 3, 4, '2021-01-29', '2021-01-15 15:34:39'),
(626, 4, 20, '2021-01-23', '2021-01-15 15:34:39'),
(627, 2, 4, '2021-01-21', '2021-01-15 15:34:39'),
(628, 1, 9, '2021-01-30', '2021-01-15 15:34:39'),
(629, 3, 13, '2021-01-19', '2021-01-15 15:34:39'),
(630, 4, 18, '2021-01-25', '2021-01-15 15:34:39'),
(631, 4, 3, '2021-01-24', '2021-01-15 15:34:39'),
(632, 2, 12, '2021-01-28', '2021-01-15 15:34:39'),
(633, 3, 17, '2021-01-21', '2021-01-15 15:34:39'),
(634, 2, 8, '2021-01-24', '2021-01-15 15:34:39'),
(635, 4, 8, '2021-01-14', '2021-01-15 15:34:39'),
(636, 4, 4, '2021-01-14', '2021-01-15 15:34:39'),
(637, 3, 3, '2021-01-29', '2021-01-15 15:34:39'),
(638, 1, 16, '2021-01-19', '2021-01-15 15:34:39'),
(639, 4, 2, '2021-01-18', '2021-01-15 15:34:39'),
(640, 3, 5, '2021-01-21', '2021-01-15 15:34:39'),
(641, 3, 16, '2021-01-18', '2021-01-15 15:34:39'),
(642, 4, 9, '2021-01-25', '2021-01-15 15:34:39'),
(643, 3, 10, '2021-01-28', '2021-01-15 15:34:39'),
(644, 2, 11, '2021-01-23', '2021-01-15 15:34:39'),
(645, 2, 15, '2021-01-26', '2021-01-15 15:34:39'),
(646, 4, 1, '2021-01-29', '2021-01-15 15:34:39'),
(647, 4, 20, '2021-01-27', '2021-01-15 15:34:39'),
(648, 2, 17, '2021-01-21', '2021-01-15 15:34:39'),
(649, 1, 6, '2021-01-30', '2021-01-15 15:34:39'),
(650, 4, 9, '2021-01-24', '2021-01-15 15:34:39'),
(651, 2, 3, '2021-01-20', '2021-01-15 15:34:39'),
(652, 3, 12, '2021-01-18', '2021-01-15 15:34:39'),
(653, 3, 10, '2021-01-13', '2021-01-15 15:34:39'),
(654, 2, 6, '2021-01-28', '2021-01-15 15:34:39'),
(655, 4, 4, '2021-01-28', '2021-01-15 15:34:39'),
(656, 4, 11, '2021-01-14', '2021-01-15 15:34:39'),
(657, 2, 3, '2021-01-26', '2021-01-15 15:34:39'),
(658, 1, 10, '2021-01-13', '2021-01-15 15:34:39'),
(659, 2, 19, '2021-01-24', '2021-01-15 15:34:39'),
(660, 3, 15, '2021-01-26', '2021-01-15 15:34:39'),
(661, 3, 20, '2021-01-28', '2021-01-15 15:34:39'),
(662, 4, 3, '2021-01-18', '2021-01-15 15:34:39'),
(663, 2, 11, '2021-01-28', '2021-01-15 15:34:39'),
(664, 4, 3, '2021-01-26', '2021-01-15 15:34:39'),
(665, 1, 8, '2021-01-15', '2021-01-15 15:34:39'),
(666, 4, 13, '2021-01-23', '2021-01-15 15:34:39'),
(667, 1, 10, '2021-01-26', '2021-01-15 15:34:39'),
(668, 2, 1, '2021-01-18', '2021-01-15 15:34:39'),
(669, 3, 15, '2021-01-18', '2021-01-15 15:34:39'),
(670, 2, 9, '2021-01-20', '2021-01-15 15:34:39'),
(671, 4, 7, '2021-01-30', '2021-01-15 15:34:39'),
(672, 4, 12, '2021-01-23', '2021-01-15 15:34:39'),
(673, 4, 3, '2021-01-30', '2021-01-15 15:34:39'),
(674, 2, 1, '2021-01-22', '2021-01-15 15:34:39'),
(675, 2, 9, '2021-01-27', '2021-01-15 15:34:39'),
(676, 4, 13, '2021-01-28', '2021-01-15 15:34:39'),
(677, 2, 1, '2021-01-24', '2021-01-15 15:34:39'),
(678, 4, 18, '2021-01-13', '2021-01-15 15:34:39'),
(679, 3, 10, '2021-01-26', '2021-01-15 15:34:39'),
(680, 3, 18, '2021-01-15', '2021-01-15 15:34:39'),
(681, 4, 5, '2021-01-25', '2021-01-15 15:34:39'),
(682, 2, 10, '2021-01-19', '2021-01-15 15:34:39'),
(683, 1, 6, '2021-01-13', '2021-01-15 15:34:39'),
(684, 1, 17, '2021-01-27', '2021-01-15 15:34:39'),
(685, 2, 1, '2021-01-25', '2021-01-15 15:34:39'),
(686, 4, 8, '2021-01-30', '2021-01-15 15:34:39'),
(687, 2, 11, '2021-01-15', '2021-01-15 15:34:39'),
(688, 1, 13, '2021-01-27', '2021-01-15 15:34:39'),
(689, 4, 4, '2021-01-15', '2021-01-15 15:34:39'),
(690, 1, 17, '2021-01-16', '2021-01-15 15:34:39'),
(691, 1, 19, '2021-01-17', '2021-01-15 15:34:39'),
(692, 2, 13, '2021-01-26', '2021-01-15 15:34:39'),
(693, 1, 8, '2021-01-13', '2021-01-15 15:34:39'),
(694, 4, 1, '2021-01-16', '2021-01-15 15:34:39'),
(695, 2, 13, '2021-01-21', '2021-01-15 15:34:39'),
(696, 1, 10, '2021-01-15', '2021-01-15 15:34:39'),
(697, 3, 3, '2021-01-25', '2021-01-15 15:34:39'),
(698, 1, 2, '2021-01-15', '2021-01-15 15:34:39'),
(699, 2, 16, '2021-01-16', '2021-01-15 15:34:39'),
(700, 1, 6, '2021-01-26', '2021-01-15 15:34:39'),
(701, 1, 8, '2021-01-27', '2021-01-15 15:34:39'),
(702, 3, 15, '2021-01-24', '2021-01-15 15:34:39'),
(703, 4, 20, '2021-01-29', '2021-01-15 15:34:39'),
(704, 2, 3, '2021-01-23', '2021-01-15 15:34:39'),
(705, 3, 3, '2021-01-13', '2021-01-15 15:34:39'),
(706, 2, 7, '2021-01-28', '2021-01-15 15:34:39'),
(707, 2, 3, '2021-01-27', '2021-01-15 15:34:39'),
(708, 3, 16, '2021-01-16', '2021-01-15 15:34:39'),
(709, 2, 5, '2021-01-29', '2021-01-15 15:34:39'),
(710, 2, 7, '2021-01-19', '2021-01-15 15:34:39'),
(711, 2, 16, '2021-01-27', '2021-01-15 15:34:39'),
(712, 1, 19, '2021-01-28', '2021-01-15 15:34:39'),
(713, 4, 9, '2021-01-27', '2021-01-15 15:34:39'),
(714, 2, 14, '2021-01-24', '2021-01-15 15:34:39'),
(715, 4, 17, '2021-01-26', '2021-01-15 15:34:39'),
(716, 3, 20, '2021-01-23', '2021-01-15 15:34:39'),
(717, 2, 14, '2021-01-17', '2021-01-15 15:34:39'),
(718, 3, 20, '2021-01-17', '2021-01-15 15:34:39'),
(719, 1, 6, '2021-01-26', '2021-01-15 15:34:39'),
(720, 3, 1, '2021-01-30', '2021-01-15 15:34:39'),
(721, 1, 8, '2021-01-25', '2021-01-15 15:34:39'),
(722, 3, 4, '2021-01-24', '2021-01-15 15:34:39'),
(723, 3, 14, '2021-01-24', '2021-01-15 15:34:39'),
(724, 2, 4, '2021-01-25', '2021-01-15 15:34:39'),
(725, 2, 7, '2021-01-20', '2021-01-15 15:34:39'),
(726, 4, 18, '2021-01-27', '2021-01-15 15:34:39'),
(727, 2, 9, '2021-01-24', '2021-01-15 15:34:39'),
(728, 2, 7, '2021-01-25', '2021-01-15 15:34:39'),
(729, 1, 3, '2021-01-19', '2021-01-15 15:34:39'),
(730, 3, 13, '2021-01-25', '2021-01-15 15:34:39'),
(731, 2, 1, '2021-01-20', '2021-01-15 15:34:39'),
(732, 3, 15, '2021-01-21', '2021-01-15 15:34:39'),
(733, 3, 15, '2021-01-18', '2021-01-15 15:34:39'),
(734, 3, 19, '2021-01-19', '2021-01-15 15:34:39'),
(735, 3, 9, '2021-01-24', '2021-01-15 15:34:39'),
(736, 3, 5, '2021-01-23', '2021-01-15 15:34:39'),
(737, 2, 19, '2021-01-29', '2021-01-15 15:34:39'),
(738, 2, 20, '2021-01-28', '2021-01-15 15:34:39'),
(739, 1, 13, '2021-01-23', '2021-01-15 15:34:39'),
(740, 1, 12, '2021-01-23', '2021-01-15 15:34:39'),
(741, 4, 8, '2021-01-27', '2021-01-15 15:34:39'),
(742, 3, 3, '2021-01-23', '2021-01-15 15:34:39'),
(743, 4, 14, '2021-01-29', '2021-01-15 15:34:39'),
(744, 3, 8, '2021-01-25', '2021-01-15 15:34:39'),
(745, 2, 1, '2021-01-29', '2021-01-15 15:34:39'),
(746, 2, 1, '2021-01-27', '2021-01-15 15:34:39'),
(747, 2, 8, '2021-01-26', '2021-01-15 15:34:39'),
(748, 2, 6, '2021-01-23', '2021-01-15 15:34:39'),
(749, 4, 8, '2021-01-30', '2021-01-15 15:34:39'),
(750, 2, 13, '2021-01-18', '2021-01-15 15:34:39'),
(751, 2, 5, '2021-01-29', '2021-01-15 15:34:39'),
(752, 3, 1, '2021-01-25', '2021-01-15 15:34:39'),
(753, 2, 16, '2021-01-20', '2021-01-15 15:34:39'),
(754, 3, 15, '2021-01-28', '2021-01-15 15:34:39'),
(755, 2, 11, '2021-01-25', '2021-01-15 15:34:39'),
(756, 3, 11, '2021-01-21', '2021-01-15 15:34:39'),
(757, 3, 6, '2021-01-14', '2021-01-15 15:34:39'),
(758, 1, 12, '2021-01-26', '2021-01-15 15:34:39'),
(759, 1, 4, '2021-01-22', '2021-01-15 15:34:39'),
(760, 3, 16, '2021-01-30', '2021-01-15 15:34:39'),
(761, 1, 12, '2021-01-28', '2021-01-15 15:34:39'),
(762, 4, 9, '2021-01-15', '2021-01-15 15:34:39'),
(763, 1, 18, '2021-01-24', '2021-01-15 15:34:39'),
(764, 1, 17, '2021-01-13', '2021-01-15 15:34:39'),
(765, 1, 12, '2021-01-20', '2021-01-15 15:34:39'),
(766, 3, 13, '2021-01-21', '2021-01-15 15:34:39'),
(767, 3, 19, '2021-01-22', '2021-01-15 15:34:39'),
(768, 2, 4, '2021-01-17', '2021-01-15 15:34:39'),
(769, 4, 15, '2021-01-14', '2021-01-15 15:34:39'),
(770, 4, 17, '2021-01-18', '2021-01-15 15:34:39'),
(771, 1, 15, '2021-01-15', '2021-01-15 15:34:39'),
(772, 3, 14, '2021-01-18', '2021-01-15 15:34:39'),
(773, 1, 2, '2021-01-23', '2021-01-15 15:34:39'),
(774, 2, 17, '2021-01-16', '2021-01-15 15:34:39'),
(775, 2, 15, '2021-01-30', '2021-01-15 15:34:39'),
(776, 2, 20, '2021-01-29', '2021-01-15 15:34:39'),
(777, 1, 6, '2021-01-23', '2021-01-15 15:34:39'),
(778, 3, 14, '2021-01-28', '2021-01-15 15:34:39'),
(779, 4, 6, '2021-01-24', '2021-01-15 15:34:39'),
(780, 3, 9, '2021-01-25', '2021-01-15 15:34:39'),
(781, 4, 14, '2021-01-28', '2021-01-15 15:34:39'),
(782, 2, 1, '2021-01-19', '2021-01-15 15:34:39'),
(783, 2, 1, '2021-01-21', '2021-01-15 15:34:39'),
(784, 3, 13, '2021-01-27', '2021-01-15 15:34:39'),
(785, 4, 10, '2021-01-18', '2021-01-15 15:34:39'),
(786, 1, 16, '2021-01-20', '2021-01-15 15:34:39'),
(787, 1, 9, '2021-01-28', '2021-01-15 15:34:39'),
(788, 3, 7, '2021-01-13', '2021-01-15 15:34:39'),
(789, 2, 5, '2021-01-18', '2021-01-15 15:34:39'),
(790, 3, 2, '2021-01-17', '2021-01-15 15:34:39'),
(791, 2, 13, '2021-01-28', '2021-01-15 15:34:39'),
(792, 1, 7, '2021-01-16', '2021-01-15 15:34:39'),
(793, 4, 13, '2021-01-17', '2021-01-15 15:34:39'),
(794, 1, 11, '2021-01-16', '2021-01-15 15:34:39'),
(795, 4, 10, '2021-01-13', '2021-01-15 15:34:39'),
(796, 3, 17, '2021-01-29', '2021-01-15 15:34:39'),
(797, 2, 18, '2021-01-28', '2021-01-15 15:34:39'),
(798, 1, 5, '2021-01-26', '2021-01-15 15:34:39'),
(799, 3, 6, '2021-01-25', '2021-01-15 15:34:39'),
(800, 2, 10, '2021-01-16', '2021-01-15 15:34:39'),
(801, 1, 8, '2021-01-16', '2021-01-15 15:34:39'),
(802, 2, 6, '2021-01-16', '2021-01-15 15:34:39'),
(803, 1, 10, '2021-01-21', '2021-01-15 15:34:39'),
(804, 1, 14, '2021-01-25', '2021-01-15 15:34:39'),
(805, 1, 4, '2021-01-28', '2021-01-15 15:34:39'),
(806, 2, 12, '2021-01-20', '2021-01-15 15:34:39'),
(807, 3, 14, '2021-01-28', '2021-01-15 15:34:39'),
(808, 2, 4, '2021-01-15', '2021-01-15 15:34:39'),
(809, 2, 7, '2021-01-26', '2021-01-15 15:34:39'),
(810, 4, 11, '2021-01-19', '2021-01-15 15:34:39'),
(811, 1, 20, '2021-01-22', '2021-01-15 15:34:39'),
(812, 1, 19, '2021-01-16', '2021-01-15 15:34:39'),
(813, 2, 15, '2021-01-20', '2021-01-15 15:34:39'),
(814, 3, 13, '2021-01-13', '2021-01-15 15:34:39'),
(815, 1, 12, '2021-01-25', '2021-01-15 15:34:39'),
(816, 1, 8, '2021-01-20', '2021-01-15 15:34:39'),
(817, 3, 10, '2021-01-25', '2021-01-15 15:34:39'),
(818, 2, 8, '2021-01-21', '2021-01-15 15:34:39'),
(819, 1, 2, '2021-01-13', '2021-01-15 15:34:39'),
(820, 2, 12, '2021-01-28', '2021-01-15 15:34:39'),
(821, 2, 2, '2021-01-17', '2021-01-15 15:34:39'),
(822, 2, 1, '2021-01-17', '2021-01-15 15:34:39'),
(823, 4, 7, '2021-01-24', '2021-01-15 15:34:39'),
(824, 1, 18, '2021-01-19', '2021-01-15 15:34:39'),
(825, 3, 4, '2021-01-14', '2021-01-15 15:34:39'),
(826, 4, 14, '2021-01-15', '2021-01-15 15:34:39'),
(827, 3, 12, '2021-01-26', '2021-01-15 15:34:39'),
(828, 4, 18, '2021-01-22', '2021-01-15 15:34:39'),
(829, 3, 13, '2021-01-22', '2021-01-15 15:34:39'),
(830, 4, 16, '2021-01-19', '2021-01-15 15:34:39'),
(831, 4, 9, '2021-01-23', '2021-01-15 15:34:39'),
(832, 3, 2, '2021-01-27', '2021-01-15 15:34:39'),
(833, 4, 9, '2021-01-23', '2021-01-15 15:34:39'),
(834, 3, 19, '2021-01-20', '2021-01-15 15:34:39'),
(835, 3, 13, '2021-01-29', '2021-01-15 15:34:39'),
(836, 4, 6, '2021-01-29', '2021-01-15 15:34:39'),
(837, 3, 1, '2021-01-26', '2021-01-15 15:34:39'),
(838, 1, 10, '2021-01-30', '2021-01-15 15:34:39'),
(839, 1, 10, '2021-01-28', '2021-01-15 15:34:39'),
(840, 3, 15, '2021-01-21', '2021-01-15 15:34:39'),
(841, 3, 3, '2021-01-19', '2021-01-15 15:34:39'),
(842, 3, 15, '2021-01-17', '2021-01-15 15:34:39'),
(843, 1, 18, '2021-01-28', '2021-01-15 15:34:39'),
(844, 2, 16, '2021-01-17', '2021-01-15 15:34:39'),
(845, 3, 1, '2021-01-24', '2021-01-15 15:34:39'),
(846, 2, 7, '2021-01-28', '2021-01-15 15:34:39'),
(847, 2, 20, '2021-01-29', '2021-01-15 15:34:39'),
(848, 1, 17, '2021-01-27', '2021-01-15 15:34:39'),
(849, 1, 11, '2021-01-22', '2021-01-15 15:34:39'),
(850, 4, 5, '2021-01-30', '2021-01-15 15:34:39'),
(851, 2, 3, '2021-01-28', '2021-01-15 15:34:39'),
(852, 1, 2, '2021-01-30', '2021-01-15 15:34:39'),
(853, 4, 4, '2021-01-19', '2021-01-15 15:34:39'),
(854, 4, 8, '2021-01-26', '2021-01-15 15:34:39'),
(855, 3, 16, '2021-01-28', '2021-01-15 15:34:39'),
(856, 3, 18, '2021-01-17', '2021-01-15 15:34:39'),
(857, 4, 2, '2021-01-28', '2021-01-15 15:34:39'),
(858, 2, 14, '2021-01-23', '2021-01-15 15:34:39'),
(859, 1, 14, '2021-01-23', '2021-01-15 15:34:39'),
(860, 1, 16, '2021-01-28', '2021-01-15 15:34:39'),
(861, 4, 10, '2021-01-22', '2021-01-15 15:34:39'),
(862, 4, 11, '2021-01-26', '2021-01-15 15:34:39'),
(863, 3, 16, '2021-01-26', '2021-01-15 15:34:39'),
(864, 1, 2, '2021-01-14', '2021-01-15 15:34:39'),
(865, 2, 12, '2021-01-19', '2021-01-15 15:34:39'),
(866, 3, 14, '2021-01-21', '2021-01-15 15:34:39'),
(867, 2, 17, '2021-01-23', '2021-01-15 15:34:39'),
(868, 4, 20, '2021-01-26', '2021-01-15 15:34:39'),
(869, 4, 17, '2021-01-27', '2021-01-15 15:34:39'),
(870, 1, 16, '2021-01-22', '2021-01-15 15:34:39'),
(871, 3, 16, '2021-01-19', '2021-01-15 15:34:39'),
(872, 1, 19, '2021-01-13', '2021-01-15 15:34:39'),
(873, 1, 2, '2021-01-28', '2021-01-15 15:34:39'),
(874, 4, 11, '2021-01-27', '2021-01-15 15:34:39'),
(875, 1, 18, '2021-01-28', '2021-01-15 15:34:39'),
(876, 3, 3, '2021-01-23', '2021-01-15 15:34:39'),
(877, 3, 1, '2021-01-18', '2021-01-15 15:34:39'),
(878, 3, 18, '2021-01-19', '2021-01-15 15:34:39'),
(879, 3, 8, '2021-01-14', '2021-01-15 15:34:39'),
(880, 2, 17, '2021-01-15', '2021-01-15 15:34:39'),
(881, 2, 12, '2021-01-14', '2021-01-15 15:34:39'),
(882, 4, 19, '2021-01-18', '2021-01-15 15:34:39'),
(883, 2, 20, '2021-01-29', '2021-01-15 15:34:39'),
(884, 4, 4, '2021-01-16', '2021-01-15 15:34:39'),
(885, 2, 15, '2021-01-15', '2021-01-15 15:34:39'),
(886, 1, 1, '2021-01-24', '2021-01-15 15:34:39'),
(887, 3, 2, '2021-01-19', '2021-01-15 15:34:39'),
(888, 2, 4, '2021-01-19', '2021-01-15 15:34:39'),
(889, 2, 13, '2021-01-16', '2021-01-15 15:34:39'),
(890, 3, 18, '2021-01-27', '2021-01-15 15:34:39'),
(891, 2, 2, '2021-01-28', '2021-01-15 15:34:39'),
(892, 1, 14, '2021-01-26', '2021-01-15 15:34:39'),
(893, 2, 4, '2021-01-27', '2021-01-15 15:34:39'),
(894, 3, 6, '2021-01-29', '2021-01-15 15:34:39'),
(895, 4, 12, '2021-01-21', '2021-01-15 15:34:39'),
(896, 3, 13, '2021-01-23', '2021-01-15 15:34:39'),
(897, 1, 1, '2021-01-16', '2021-01-15 15:34:39'),
(898, 2, 5, '2021-01-30', '2021-01-15 15:34:39'),
(899, 1, 12, '2021-01-18', '2021-01-15 15:34:39'),
(900, 1, 13, '2021-01-13', '2021-01-15 15:34:39'),
(901, 1, 12, '2021-01-21', '2021-01-15 15:34:39'),
(902, 3, 8, '2021-01-18', '2021-01-15 15:34:39'),
(903, 3, 19, '2021-01-13', '2021-01-15 15:34:39'),
(904, 2, 2, '2021-01-19', '2021-01-15 15:34:39'),
(905, 2, 12, '2021-01-26', '2021-01-15 15:34:39'),
(906, 1, 17, '2021-01-20', '2021-01-15 15:34:39'),
(907, 4, 2, '2021-01-18', '2021-01-15 15:34:39'),
(908, 2, 16, '2021-01-13', '2021-01-15 15:34:39'),
(909, 1, 19, '2021-01-21', '2021-01-15 15:34:39'),
(910, 1, 19, '2021-01-27', '2021-01-15 15:34:39'),
(911, 3, 15, '2021-01-18', '2021-01-15 15:34:39'),
(912, 1, 1, '2021-01-16', '2021-01-15 15:34:39'),
(913, 1, 8, '2021-01-24', '2021-01-15 15:34:39'),
(914, 2, 5, '2021-01-19', '2021-01-15 15:34:39'),
(915, 1, 8, '2021-01-18', '2021-01-15 15:34:39'),
(916, 4, 18, '2021-01-17', '2021-01-15 15:34:39'),
(917, 3, 13, '2021-01-22', '2021-01-15 15:34:39'),
(918, 4, 3, '2021-01-20', '2021-01-15 15:34:39'),
(919, 1, 9, '2021-01-28', '2021-01-15 15:34:39'),
(920, 4, 12, '2021-01-25', '2021-01-15 15:34:39'),
(921, 1, 13, '2021-01-24', '2021-01-15 15:34:39'),
(922, 4, 3, '2021-01-22', '2021-01-15 15:34:39'),
(923, 1, 1, '2021-01-28', '2021-01-15 15:34:39'),
(924, 3, 8, '2021-01-19', '2021-01-15 15:34:39'),
(925, 1, 5, '2021-01-15', '2021-01-15 15:34:39'),
(926, 2, 11, '2021-01-19', '2021-01-15 15:34:39'),
(927, 2, 9, '2021-01-28', '2021-01-15 15:34:39'),
(928, 2, 15, '2021-01-25', '2021-01-15 15:34:39'),
(929, 4, 16, '2021-01-30', '2021-01-15 15:34:39'),
(930, 1, 1, '2021-01-14', '2021-01-15 15:34:39'),
(931, 1, 20, '2021-01-22', '2021-01-15 15:34:39'),
(932, 4, 15, '2021-01-13', '2021-01-15 15:34:39'),
(933, 3, 20, '2021-01-13', '2021-01-15 15:34:39'),
(934, 3, 14, '2021-01-13', '2021-01-15 15:34:39'),
(935, 1, 8, '2021-01-29', '2021-01-15 15:34:39'),
(936, 1, 8, '2021-01-22', '2021-01-15 15:34:39'),
(937, 4, 14, '2021-01-15', '2021-01-15 15:34:39'),
(938, 1, 5, '2021-01-30', '2021-01-15 15:34:39'),
(939, 4, 1, '2021-01-18', '2021-01-15 15:34:39'),
(940, 4, 10, '2021-01-25', '2021-01-15 15:34:39'),
(941, 2, 8, '2021-01-22', '2021-01-15 15:34:39'),
(942, 2, 12, '2021-01-17', '2021-01-15 15:34:39'),
(943, 2, 3, '2021-01-20', '2021-01-15 15:34:39'),
(944, 4, 20, '2021-01-30', '2021-01-15 15:34:39'),
(945, 1, 13, '2021-01-19', '2021-01-15 15:34:39'),
(946, 4, 19, '2021-01-19', '2021-01-15 15:34:39'),
(947, 3, 14, '2021-01-14', '2021-01-15 15:34:39'),
(948, 2, 2, '2021-01-19', '2021-01-15 15:34:39'),
(949, 4, 13, '2021-01-20', '2021-01-15 15:34:39'),
(950, 1, 5, '2021-01-20', '2021-01-15 15:34:39'),
(951, 1, 1, '2021-01-22', '2021-01-15 15:34:39'),
(952, 1, 12, '2021-01-16', '2021-01-15 15:34:39'),
(953, 4, 4, '2021-01-20', '2021-01-15 15:34:39'),
(954, 2, 10, '2021-01-23', '2021-01-15 15:34:39'),
(955, 3, 16, '2021-01-27', '2021-01-15 15:34:39'),
(956, 1, 18, '2021-01-23', '2021-01-15 15:34:39'),
(957, 1, 20, '2021-01-19', '2021-01-15 15:34:39'),
(958, 2, 15, '2021-01-14', '2021-01-15 15:34:39'),
(959, 4, 18, '2021-01-22', '2021-01-15 15:34:39'),
(960, 4, 20, '2021-01-15', '2021-01-15 15:34:39'),
(961, 2, 13, '2021-01-13', '2021-01-15 15:34:39'),
(962, 3, 8, '2021-01-15', '2021-01-15 15:34:39'),
(963, 3, 3, '2021-01-20', '2021-01-15 15:34:39'),
(964, 3, 11, '2021-01-25', '2021-01-15 15:34:39'),
(965, 4, 6, '2021-01-24', '2021-01-15 15:34:39'),
(966, 4, 12, '2021-01-29', '2021-01-15 15:34:39'),
(967, 2, 2, '2021-01-25', '2021-01-15 15:34:39'),
(968, 2, 18, '2021-01-20', '2021-01-15 15:34:39'),
(969, 1, 17, '2021-01-14', '2021-01-15 15:34:39'),
(970, 1, 17, '2021-01-15', '2021-01-15 15:34:39'),
(971, 3, 19, '2021-01-15', '2021-01-15 15:34:39'),
(972, 4, 14, '2021-01-13', '2021-01-15 15:34:39'),
(973, 1, 10, '2021-01-21', '2021-01-15 15:34:39'),
(974, 1, 14, '2021-01-25', '2021-01-15 15:34:39'),
(975, 1, 14, '2021-01-14', '2021-01-15 15:34:39'),
(976, 2, 1, '2021-01-29', '2021-01-15 15:34:39'),
(977, 3, 13, '2021-01-29', '2021-01-15 15:34:39'),
(978, 3, 9, '2021-01-13', '2021-01-15 15:34:39'),
(979, 1, 11, '2021-01-27', '2021-01-15 15:34:39'),
(980, 1, 16, '2021-01-20', '2021-01-15 15:34:39'),
(981, 1, 18, '2021-01-16', '2021-01-15 15:34:39'),
(982, 4, 4, '2021-01-16', '2021-01-15 15:34:39'),
(983, 4, 1, '2021-01-27', '2021-01-15 15:34:39'),
(984, 3, 12, '2021-01-18', '2021-01-15 15:34:39'),
(985, 3, 1, '2021-01-30', '2021-01-15 15:34:39'),
(986, 1, 10, '2021-01-24', '2021-01-15 15:34:39'),
(987, 3, 10, '2021-01-20', '2021-01-15 15:34:39'),
(988, 2, 8, '2021-01-29', '2021-01-15 15:34:39'),
(989, 2, 7, '2021-01-16', '2021-01-15 15:34:39'),
(990, 4, 2, '2021-01-21', '2021-01-15 15:34:39'),
(991, 3, 6, '2021-01-14', '2021-01-15 15:34:39'),
(992, 2, 1, '2021-01-28', '2021-01-15 15:34:39'),
(993, 4, 6, '2021-01-16', '2021-01-15 15:34:39'),
(994, 4, 3, '2021-01-24', '2021-01-15 15:34:39'),
(995, 3, 7, '2021-01-20', '2021-01-15 15:34:39'),
(996, 1, 3, '2021-01-30', '2021-01-15 15:34:39'),
(997, 4, 7, '2021-01-17', '2021-01-15 15:34:39'),
(998, 3, 11, '2021-01-30', '2021-01-15 15:34:39'),
(999, 3, 10, '2021-01-20', '2021-01-15 15:34:39'),
(1000, 2, 14, '2021-01-27', '2021-01-15 15:34:39'),
(1001, 1, 11, '2021-01-25', '2021-01-15 15:34:39'),
(1002, 1, 18, '2021-01-23', '2021-01-15 15:34:39'),
(1003, 2, 3, '2021-01-14', '2021-01-15 15:34:39'),
(1004, 3, 6, '2021-01-28', '2021-01-15 15:34:39'),
(1005, 4, 7, '2021-01-14', '2021-01-15 15:34:39'),
(1006, 1, 15, '2021-01-29', '2021-01-15 15:34:39'),
(1007, 3, 15, '2021-01-19', '2021-01-15 15:34:39'),
(1008, 2, 9, '2021-01-25', '2021-01-15 15:34:39'),
(1009, 1, 1, '2021-01-29', '2021-01-15 15:34:39'),
(1010, 1, 19, '2021-01-18', '2021-01-15 15:34:39'),
(1011, 4, 11, '2021-01-28', '2021-01-15 15:34:39'),
(1012, 1, 20, '2021-01-22', '2021-01-15 15:34:39'),
(1013, 3, 18, '2021-01-13', '2021-01-15 15:34:39'),
(1014, 2, 6, '2021-01-20', '2021-01-15 15:34:39'),
(1015, 1, 4, '2021-01-24', '2021-01-15 15:34:39'),
(1016, 2, 20, '2021-01-29', '2021-01-15 15:34:39'),
(1017, 1, 11, '2021-01-23', '2021-01-15 15:34:39'),
(1018, 4, 12, '2021-01-14', '2021-01-15 15:34:39'),
(1019, 2, 12, '2021-01-19', '2021-01-15 15:34:39'),
(1020, 4, 6, '2021-01-18', '2021-01-15 15:34:39'),
(1021, 4, 10, '2021-01-21', '2021-01-15 15:34:39'),
(1022, 4, 6, '2021-01-14', '2021-01-15 15:34:39'),
(1023, 3, 8, '2021-01-17', '2021-01-15 15:34:39'),
(1024, 2, 11, '2021-01-27', '2021-01-15 15:34:39'),
(1025, 1, 1, '2021-01-18', '2021-01-15 15:34:39'),
(1026, 3, 12, '2021-01-13', '2021-01-15 15:34:39'),
(1027, 1, 14, '2021-01-14', '2021-01-15 15:34:39'),
(1028, 1, 15, '2021-01-23', '2021-01-15 15:34:39'),
(1029, 3, 9, '2021-01-24', '2021-01-15 15:34:39');
INSERT INTO `tranzactii` (`id`, `transport_id`, `box_id`, `created_at`, `timestamp`) VALUES
(1030, 2, 16, '2021-01-21', '2021-01-15 15:34:39'),
(1031, 4, 1, '2021-01-20', '2021-01-15 15:34:39'),
(1032, 4, 9, '2021-01-21', '2021-01-15 15:34:39'),
(1033, 3, 10, '2021-01-19', '2021-01-15 15:34:39'),
(1034, 3, 12, '2021-01-20', '2021-01-15 15:34:39'),
(1035, 3, 12, '2021-01-22', '2021-01-15 15:34:39'),
(1036, 1, 3, '2021-01-15', '2021-01-15 15:34:39'),
(1037, 2, 4, '2021-01-26', '2021-01-15 15:34:39'),
(1038, 2, 19, '2021-01-28', '2021-01-15 15:34:39'),
(1039, 2, 17, '2021-01-22', '2021-01-15 15:34:39'),
(1040, 3, 18, '2021-01-26', '2021-01-15 15:34:39'),
(1041, 3, 3, '2021-01-21', '2021-01-15 15:34:39'),
(1042, 3, 2, '2021-01-24', '2021-01-15 15:34:39'),
(1043, 3, 12, '2021-01-20', '2021-01-15 15:34:39'),
(1044, 4, 17, '2021-01-27', '2021-01-15 15:34:39'),
(1045, 4, 19, '2021-01-30', '2021-01-15 15:34:39'),
(1046, 3, 14, '2021-01-25', '2021-01-15 15:34:39'),
(1047, 1, 4, '2021-01-28', '2021-01-15 15:34:39'),
(1048, 4, 12, '2021-01-19', '2021-01-15 15:34:39'),
(1049, 3, 11, '2021-01-16', '2021-01-15 15:34:39'),
(1050, 4, 20, '2021-01-25', '2021-01-15 15:34:39'),
(1051, 3, 16, '2021-01-24', '2021-01-15 15:34:39'),
(1052, 2, 3, '2021-01-25', '2021-01-15 15:34:39'),
(1053, 3, 16, '2021-01-27', '2021-01-15 15:34:39'),
(1054, 3, 19, '2021-01-13', '2021-01-15 15:34:39'),
(1055, 1, 9, '2021-01-21', '2021-01-15 15:34:39'),
(1056, 4, 15, '2021-01-22', '2021-01-15 15:34:39'),
(1057, 2, 13, '2021-01-18', '2021-01-15 15:34:39'),
(1058, 3, 7, '2021-01-27', '2021-01-15 15:34:39'),
(1059, 1, 5, '2021-01-16', '2021-01-15 15:34:39'),
(1060, 2, 20, '2021-01-19', '2021-01-15 15:34:39'),
(1061, 2, 2, '2021-01-16', '2021-01-15 15:34:39'),
(1062, 1, 1, '2021-01-27', '2021-01-15 15:34:39'),
(1063, 4, 11, '2021-01-15', '2021-01-15 15:34:39'),
(1064, 2, 8, '2021-01-20', '2021-01-15 15:34:39'),
(1065, 4, 11, '2021-01-25', '2021-01-15 15:34:39'),
(1066, 4, 19, '2021-01-24', '2021-01-15 15:34:39'),
(1067, 2, 12, '2021-01-16', '2021-01-15 15:34:39'),
(1068, 1, 12, '2021-01-19', '2021-01-15 15:34:39'),
(1069, 2, 17, '2021-01-16', '2021-01-15 15:34:39'),
(1070, 1, 15, '2021-01-21', '2021-01-15 15:34:39'),
(1071, 3, 17, '2021-01-19', '2021-01-15 15:34:39'),
(1072, 2, 15, '2021-01-17', '2021-01-15 15:34:39'),
(1073, 1, 9, '2021-01-23', '2021-01-15 15:34:39'),
(1074, 3, 14, '2021-01-13', '2021-01-15 15:34:39'),
(1075, 1, 8, '2021-01-30', '2021-01-15 15:34:39'),
(1076, 4, 7, '2021-01-13', '2021-01-15 15:34:39'),
(1077, 3, 4, '2021-01-17', '2021-01-15 15:34:39'),
(1078, 1, 18, '2021-01-18', '2021-01-15 15:34:39'),
(1079, 4, 16, '2021-01-24', '2021-01-15 15:34:39'),
(1080, 2, 9, '2021-01-14', '2021-01-15 15:34:39'),
(1081, 2, 16, '2021-01-26', '2021-01-15 15:34:39'),
(1082, 2, 1, '2021-01-14', '2021-01-15 15:34:39'),
(1083, 1, 10, '2021-01-18', '2021-01-15 15:34:39'),
(1084, 1, 1, '2021-01-24', '2021-01-15 15:34:39'),
(1085, 3, 8, '2021-01-16', '2021-01-15 15:34:39'),
(1086, 1, 13, '2021-01-28', '2021-01-15 15:34:39'),
(1087, 4, 8, '2021-01-29', '2021-01-15 15:34:39'),
(1088, 1, 16, '2021-01-30', '2021-01-15 15:34:39'),
(1089, 4, 19, '2021-01-27', '2021-01-15 15:34:39'),
(1090, 4, 13, '2021-01-23', '2021-01-15 15:34:39'),
(1091, 1, 19, '2021-01-13', '2021-01-15 15:34:39'),
(1092, 2, 17, '2021-01-23', '2021-01-15 15:34:39'),
(1093, 3, 9, '2021-01-15', '2021-01-15 15:34:39'),
(1094, 2, 11, '2021-01-14', '2021-01-15 15:34:39'),
(1095, 4, 1, '2021-01-14', '2021-01-15 15:34:39'),
(1096, 3, 3, '2021-01-14', '2021-01-15 15:34:39'),
(1097, 3, 5, '2021-01-25', '2021-01-15 15:34:39'),
(1098, 3, 19, '2021-01-23', '2021-01-15 15:34:39'),
(1099, 3, 17, '2021-01-21', '2021-01-15 15:34:39'),
(1100, 2, 19, '2021-01-23', '2021-01-15 15:34:39'),
(1101, 3, 8, '2021-01-29', '2021-01-15 15:34:39'),
(1102, 2, 6, '2021-01-15', '2021-01-15 15:34:39'),
(1103, 1, 20, '2021-01-21', '2021-01-15 15:34:39'),
(1104, 4, 15, '2021-01-17', '2021-01-15 15:34:39'),
(1105, 1, 2, '2021-01-27', '2021-01-15 15:34:39'),
(1106, 3, 5, '2021-01-14', '2021-01-15 15:34:39'),
(1107, 3, 15, '2021-01-13', '2021-01-15 15:34:39'),
(1108, 4, 18, '2021-01-19', '2021-01-15 15:34:39'),
(1109, 4, 16, '2021-01-28', '2021-01-15 15:34:39'),
(1110, 1, 18, '2021-01-16', '2021-01-15 15:34:39'),
(1111, 1, 14, '2021-01-17', '2021-01-15 15:34:39'),
(1112, 4, 9, '2021-01-19', '2021-01-15 15:34:39'),
(1113, 3, 10, '2021-01-30', '2021-01-15 15:34:39'),
(1114, 4, 17, '2021-01-28', '2021-01-15 15:34:39'),
(1115, 1, 17, '2021-01-15', '2021-01-15 15:34:39'),
(1116, 1, 4, '2021-01-23', '2021-01-15 15:34:39'),
(1117, 3, 11, '2021-01-18', '2021-01-15 15:34:39'),
(1118, 3, 2, '2021-01-26', '2021-01-15 15:34:39'),
(1119, 1, 16, '2021-01-26', '2021-01-15 15:34:39'),
(1120, 1, 18, '2021-01-18', '2021-01-15 15:34:39'),
(1121, 3, 18, '2021-01-18', '2021-01-15 15:34:39'),
(1122, 1, 9, '2021-01-16', '2021-01-15 15:34:39'),
(1123, 1, 7, '2021-01-19', '2021-01-15 15:34:39'),
(1124, 2, 5, '2021-01-25', '2021-01-15 15:34:39'),
(1125, 1, 14, '2021-01-19', '2021-01-15 15:34:39'),
(1126, 3, 1, '2021-01-17', '2021-01-15 15:34:39'),
(1127, 3, 9, '2021-01-27', '2021-01-15 15:34:39'),
(1128, 1, 1, '2021-01-22', '2021-01-15 15:34:39'),
(1129, 4, 9, '2021-01-24', '2021-01-15 15:34:39'),
(1130, 3, 18, '2021-01-27', '2021-01-15 15:34:39'),
(1131, 3, 11, '2021-01-30', '2021-01-15 15:34:39'),
(1132, 4, 8, '2021-01-20', '2021-01-15 15:34:39'),
(1133, 1, 1, '2021-01-20', '2021-01-15 15:34:39'),
(1134, 3, 16, '2021-01-13', '2021-01-15 15:34:39'),
(1135, 2, 5, '2021-01-26', '2021-01-15 15:34:39'),
(1136, 2, 4, '2021-01-16', '2021-01-15 15:34:39'),
(1137, 2, 16, '2021-01-30', '2021-01-15 15:34:39'),
(1138, 2, 3, '2021-01-20', '2021-01-15 15:34:39'),
(1139, 1, 14, '2021-01-13', '2021-01-15 15:34:39'),
(1140, 4, 16, '2021-01-25', '2021-01-15 15:34:39'),
(1141, 3, 8, '2021-01-16', '2021-01-15 15:34:39'),
(1142, 4, 18, '2021-01-24', '2021-01-15 15:34:39'),
(1143, 1, 15, '2021-01-16', '2021-01-15 15:34:39'),
(1144, 1, 8, '2021-01-17', '2021-01-15 15:34:39'),
(1145, 1, 11, '2021-01-30', '2021-01-15 15:34:39'),
(1146, 2, 17, '2021-01-24', '2021-01-15 15:34:39'),
(1147, 3, 13, '2021-01-20', '2021-01-15 15:34:39'),
(1148, 4, 9, '2021-01-24', '2021-01-15 15:34:39'),
(1149, 4, 18, '2021-01-25', '2021-01-15 15:34:39'),
(1150, 1, 20, '2021-01-25', '2021-01-15 15:34:39'),
(1151, 1, 6, '2021-01-25', '2021-01-15 15:34:39'),
(1152, 4, 19, '2021-01-27', '2021-01-15 15:34:39'),
(1153, 4, 9, '2021-01-20', '2021-01-15 15:34:39'),
(1154, 3, 15, '2021-01-17', '2021-01-15 15:34:39'),
(1155, 2, 7, '2021-01-26', '2021-01-15 15:34:39'),
(1156, 3, 12, '2021-01-22', '2021-01-15 15:34:39'),
(1157, 4, 17, '2021-01-19', '2021-01-15 15:34:39'),
(1158, 1, 17, '2021-01-30', '2021-01-15 15:34:39'),
(1159, 4, 17, '2021-01-19', '2021-01-15 15:34:39'),
(1160, 1, 5, '2021-01-19', '2021-01-15 15:34:39'),
(1161, 2, 12, '2021-01-23', '2021-01-15 15:34:39'),
(1162, 2, 1, '2021-01-18', '2021-01-15 15:34:39'),
(1163, 2, 17, '2021-01-16', '2021-01-15 15:34:39'),
(1164, 2, 2, '2021-01-17', '2021-01-15 15:34:39'),
(1165, 4, 10, '2021-01-17', '2021-01-15 15:34:39'),
(1166, 2, 16, '2021-01-16', '2021-01-15 15:34:39'),
(1167, 2, 19, '2021-01-30', '2021-01-15 15:34:39'),
(1168, 2, 20, '2021-01-17', '2021-01-15 15:34:39'),
(1169, 3, 3, '2021-01-25', '2021-01-15 15:34:39'),
(1170, 3, 11, '2021-01-24', '2021-01-15 15:34:39'),
(1171, 3, 8, '2021-01-28', '2021-01-15 15:34:39'),
(1172, 2, 12, '2021-01-17', '2021-01-15 15:34:39'),
(1173, 2, 9, '2021-01-20', '2021-01-15 15:34:39'),
(1174, 3, 5, '2021-01-17', '2021-01-15 15:34:39'),
(1175, 4, 4, '2021-01-29', '2021-01-15 15:34:39'),
(1176, 2, 12, '2021-01-26', '2021-01-15 15:34:39'),
(1177, 2, 13, '2021-01-28', '2021-01-15 15:34:39'),
(1178, 3, 13, '2021-01-13', '2021-01-15 15:34:39'),
(1179, 1, 6, '2021-01-20', '2021-01-15 15:34:39'),
(1180, 3, 10, '2021-01-19', '2021-01-15 15:34:39'),
(1181, 3, 12, '2021-01-16', '2021-01-15 15:34:39'),
(1182, 2, 8, '2021-01-17', '2021-01-15 15:34:39'),
(1183, 4, 4, '2021-01-29', '2021-01-15 15:34:39'),
(1184, 4, 3, '2021-01-17', '2021-01-15 15:34:39'),
(1185, 3, 20, '2021-01-16', '2021-01-15 15:34:39'),
(1186, 2, 11, '2021-01-13', '2021-01-15 15:34:39'),
(1187, 2, 5, '2021-01-22', '2021-01-15 15:34:39'),
(1188, 1, 15, '2021-01-15', '2021-01-15 15:34:39'),
(1189, 4, 17, '2021-01-21', '2021-01-15 15:34:39'),
(1190, 1, 16, '2021-01-30', '2021-01-15 15:34:39'),
(1191, 1, 3, '2021-01-24', '2021-01-15 15:34:39'),
(1192, 3, 17, '2021-01-13', '2021-01-15 15:34:39'),
(1193, 4, 2, '2021-01-30', '2021-01-15 15:34:39'),
(1194, 2, 13, '2021-01-25', '2021-01-15 15:34:39'),
(1195, 4, 12, '2021-01-16', '2021-01-15 15:34:39'),
(1196, 1, 2, '2021-01-28', '2021-01-15 15:34:39'),
(1197, 2, 2, '2021-01-26', '2021-01-15 15:34:39'),
(1198, 1, 1, '2021-01-30', '2021-01-15 15:34:39'),
(1199, 4, 8, '2021-01-15', '2021-01-15 15:34:39'),
(1200, 4, 2, '2021-01-25', '2021-01-15 15:34:39'),
(1256, 1, 11, '2021-01-25', '2021-01-15 15:34:39'),
(1257, 1, 18, '2021-01-23', '2021-01-15 15:34:39'),
(1258, 2, 3, '2021-01-14', '2021-01-15 15:34:39'),
(1259, 3, 6, '2021-01-28', '2021-01-15 15:34:39'),
(1260, 4, 7, '2021-01-14', '2021-01-15 15:34:39'),
(1261, 1, 15, '2021-01-29', '2021-01-15 15:34:39'),
(1262, 3, 15, '2021-01-19', '2021-01-15 15:34:39'),
(1263, 2, 9, '2021-01-25', '2021-01-15 15:34:39'),
(1264, 1, 1, '2021-01-29', '2021-01-15 15:34:39'),
(1265, 1, 19, '2021-01-18', '2021-01-15 15:34:39'),
(1266, 4, 11, '2021-01-28', '2021-01-15 15:34:39'),
(1267, 1, 20, '2021-01-22', '2021-01-15 15:34:39'),
(1268, 3, 18, '2021-01-13', '2021-01-15 15:34:39'),
(1269, 2, 6, '2021-01-20', '2021-01-15 15:34:39'),
(1270, 1, 4, '2021-01-24', '2021-01-15 15:34:39'),
(1271, 2, 20, '2021-01-29', '2021-01-15 15:34:39'),
(1272, 1, 11, '2021-01-23', '2021-01-15 15:34:39'),
(1273, 4, 12, '2021-01-14', '2021-01-15 15:34:39'),
(1274, 2, 12, '2021-01-19', '2021-01-15 15:34:39'),
(1275, 4, 6, '2021-01-18', '2021-01-15 15:34:39'),
(1276, 4, 10, '2021-01-21', '2021-01-15 15:34:39'),
(1277, 4, 6, '2021-01-14', '2021-01-15 15:34:39'),
(1278, 3, 8, '2021-01-17', '2021-01-15 15:34:39'),
(1279, 2, 11, '2021-01-27', '2021-01-15 15:34:39'),
(1280, 1, 1, '2021-01-18', '2021-01-15 15:34:39'),
(1281, 3, 12, '2021-01-13', '2021-01-15 15:34:39'),
(1282, 1, 14, '2021-01-14', '2021-01-15 15:34:39'),
(1283, 1, 15, '2021-01-23', '2021-01-15 15:34:39'),
(1284, 3, 9, '2021-01-24', '2021-01-15 15:34:39'),
(1285, 2, 16, '2021-01-21', '2021-01-15 15:34:39'),
(1286, 4, 1, '2021-01-20', '2021-01-15 15:34:39'),
(1287, 4, 9, '2021-01-21', '2021-01-15 15:34:39'),
(1288, 3, 10, '2021-01-19', '2021-01-15 15:34:39'),
(1289, 3, 12, '2021-01-20', '2021-01-15 15:34:39'),
(1290, 3, 12, '2021-01-22', '2021-01-15 15:34:39'),
(1291, 1, 3, '2021-01-15', '2021-01-15 15:34:39'),
(1292, 2, 4, '2021-01-26', '2021-01-15 15:34:39'),
(1293, 2, 19, '2021-01-28', '2021-01-15 15:34:39'),
(1294, 2, 17, '2021-01-22', '2021-01-15 15:34:39'),
(1295, 3, 18, '2021-01-26', '2021-01-15 15:34:39'),
(1296, 3, 3, '2021-01-21', '2021-01-15 15:34:39'),
(1297, 3, 2, '2021-01-24', '2021-01-15 15:34:39'),
(1298, 3, 12, '2021-01-20', '2021-01-15 15:34:39'),
(1299, 4, 17, '2021-01-27', '2021-01-15 15:34:39'),
(1300, 4, 19, '2021-01-30', '2021-01-15 15:34:39'),
(1301, 3, 14, '2021-01-25', '2021-01-15 15:34:39'),
(1302, 1, 4, '2021-01-28', '2021-01-15 15:34:39'),
(1303, 4, 12, '2021-01-19', '2021-01-15 15:34:39'),
(1304, 3, 11, '2021-01-16', '2021-01-15 15:34:39'),
(1305, 4, 20, '2021-01-25', '2021-01-15 15:34:39'),
(1306, 3, 16, '2021-01-24', '2021-01-15 15:34:39'),
(1307, 2, 3, '2021-01-25', '2021-01-15 15:34:39'),
(1308, 3, 16, '2021-01-27', '2021-01-15 15:34:39'),
(1309, 3, 19, '2021-01-13', '2021-01-15 15:34:39'),
(1310, 1, 9, '2021-01-21', '2021-01-15 15:34:39'),
(1311, 4, 15, '2021-01-22', '2021-01-15 15:34:39'),
(1312, 2, 13, '2021-01-18', '2021-01-15 15:34:39'),
(1313, 3, 7, '2021-01-27', '2021-01-15 15:34:39'),
(1314, 1, 5, '2021-01-16', '2021-01-15 15:34:39'),
(1315, 2, 20, '2021-01-19', '2021-01-15 15:34:39'),
(1316, 2, 2, '2021-01-16', '2021-01-15 15:34:39'),
(1317, 1, 1, '2021-01-27', '2021-01-15 15:34:39'),
(1318, 4, 11, '2021-01-15', '2021-01-15 15:34:39'),
(1319, 2, 8, '2021-01-20', '2021-01-15 15:34:39'),
(1320, 4, 11, '2021-01-25', '2021-01-15 15:34:39'),
(1321, 4, 19, '2021-01-24', '2021-01-15 15:34:39'),
(1322, 2, 12, '2021-01-16', '2021-01-15 15:34:39'),
(1323, 1, 12, '2021-01-19', '2021-01-15 15:34:39'),
(1324, 2, 17, '2021-01-16', '2021-01-15 15:34:39'),
(1325, 1, 15, '2021-01-21', '2021-01-15 15:34:39'),
(1326, 3, 17, '2021-01-19', '2021-01-15 15:34:39'),
(1327, 2, 15, '2021-01-17', '2021-01-15 15:34:39'),
(1328, 1, 9, '2021-01-23', '2021-01-15 15:34:39'),
(1329, 3, 14, '2021-01-13', '2021-01-15 15:34:39'),
(1330, 1, 8, '2021-01-30', '2021-01-15 15:34:39'),
(1331, 4, 7, '2021-01-13', '2021-01-15 15:34:39'),
(1332, 3, 4, '2021-01-17', '2021-01-15 15:34:39'),
(1333, 1, 18, '2021-01-18', '2021-01-15 15:34:39'),
(1334, 4, 16, '2021-01-24', '2021-01-15 15:34:39'),
(1335, 2, 9, '2021-01-14', '2021-01-15 15:34:39'),
(1336, 2, 16, '2021-01-26', '2021-01-15 15:34:39'),
(1337, 2, 1, '2021-01-14', '2021-01-15 15:34:39'),
(1338, 1, 10, '2021-01-18', '2021-01-15 15:34:39'),
(1339, 1, 1, '2021-01-24', '2021-01-15 15:34:39'),
(1340, 3, 8, '2021-01-16', '2021-01-15 15:34:39'),
(1341, 1, 13, '2021-01-28', '2021-01-15 15:34:39'),
(1342, 4, 8, '2021-01-29', '2021-01-15 15:34:39'),
(1343, 1, 16, '2021-01-30', '2021-01-15 15:34:39'),
(1344, 4, 19, '2021-01-27', '2021-01-15 15:34:39'),
(1345, 4, 13, '2021-01-23', '2021-01-15 15:34:39'),
(1346, 1, 19, '2021-01-13', '2021-01-15 15:34:39'),
(1347, 2, 17, '2021-01-23', '2021-01-15 15:34:39'),
(1348, 3, 9, '2021-01-15', '2021-01-15 15:34:39'),
(1349, 2, 11, '2021-01-14', '2021-01-15 15:34:39'),
(1350, 4, 1, '2021-01-14', '2021-01-15 15:34:39'),
(1351, 3, 3, '2021-01-14', '2021-01-15 15:34:39'),
(1352, 3, 5, '2021-01-25', '2021-01-15 15:34:39'),
(1353, 3, 19, '2021-01-23', '2021-01-15 15:34:39'),
(1354, 3, 17, '2021-01-21', '2021-01-15 15:34:39'),
(1355, 2, 19, '2021-01-23', '2021-01-15 15:34:39'),
(1356, 3, 8, '2021-01-29', '2021-01-15 15:34:39'),
(1357, 2, 6, '2021-01-15', '2021-01-15 15:34:39'),
(1358, 1, 20, '2021-01-21', '2021-01-15 15:34:39'),
(1359, 4, 15, '2021-01-17', '2021-01-15 15:34:39'),
(1360, 1, 2, '2021-01-27', '2021-01-15 15:34:39'),
(1361, 3, 5, '2021-01-14', '2021-01-15 15:34:39'),
(1362, 3, 15, '2021-01-13', '2021-01-15 15:34:39'),
(1363, 4, 18, '2021-01-19', '2021-01-15 15:34:39'),
(1364, 4, 16, '2021-01-28', '2021-01-15 15:34:39'),
(1365, 1, 18, '2021-01-16', '2021-01-15 15:34:39'),
(1366, 1, 14, '2021-01-17', '2021-01-15 15:34:39'),
(1367, 4, 9, '2021-01-19', '2021-01-15 15:34:39'),
(1368, 3, 10, '2021-01-30', '2021-01-15 15:34:39'),
(1369, 4, 17, '2021-01-28', '2021-01-15 15:34:39'),
(1370, 1, 17, '2021-01-15', '2021-01-15 15:34:39'),
(1371, 1, 4, '2021-01-23', '2021-01-15 15:34:39'),
(1372, 3, 11, '2021-01-18', '2021-01-15 15:34:39'),
(1373, 3, 2, '2021-01-26', '2021-01-15 15:34:39'),
(1374, 1, 16, '2021-01-26', '2021-01-15 15:34:39'),
(1375, 1, 18, '2021-01-18', '2021-01-15 15:34:39'),
(1376, 3, 18, '2021-01-18', '2021-01-15 15:34:39'),
(1377, 1, 9, '2021-01-16', '2021-01-15 15:34:39'),
(1378, 1, 7, '2021-01-19', '2021-01-15 15:34:39'),
(1379, 2, 5, '2021-01-25', '2021-01-15 15:34:39'),
(1380, 1, 14, '2021-01-19', '2021-01-15 15:34:39'),
(1381, 3, 1, '2021-01-17', '2021-01-15 15:34:39'),
(1382, 3, 9, '2021-01-27', '2021-01-15 15:34:39'),
(1383, 1, 1, '2021-01-22', '2021-01-15 15:34:39'),
(1384, 4, 9, '2021-01-24', '2021-01-15 15:34:39'),
(1385, 3, 18, '2021-01-27', '2021-01-15 15:34:39'),
(1386, 3, 11, '2021-01-30', '2021-01-15 15:34:39'),
(1387, 4, 8, '2021-01-20', '2021-01-15 15:34:39'),
(1388, 1, 1, '2021-01-20', '2021-01-15 15:34:39'),
(1389, 3, 16, '2021-01-13', '2021-01-15 15:34:39'),
(1390, 2, 5, '2021-01-26', '2021-01-15 15:34:39'),
(1391, 2, 4, '2021-01-16', '2021-01-15 15:34:39'),
(1392, 2, 16, '2021-01-30', '2021-01-15 15:34:39'),
(1393, 2, 3, '2021-01-20', '2021-01-15 15:34:39'),
(1394, 1, 14, '2021-01-13', '2021-01-15 15:34:39'),
(1395, 4, 16, '2021-01-25', '2021-01-15 15:34:39'),
(1396, 3, 8, '2021-01-16', '2021-01-15 15:34:39'),
(1397, 4, 18, '2021-01-24', '2021-01-15 15:34:39'),
(1398, 1, 15, '2021-01-16', '2021-01-15 15:34:39'),
(1399, 1, 8, '2021-01-17', '2021-01-15 15:34:39'),
(1400, 1, 11, '2021-01-30', '2021-01-15 15:34:39'),
(1401, 2, 17, '2021-01-24', '2021-01-15 15:34:39'),
(1402, 3, 13, '2021-01-20', '2021-01-15 15:34:39'),
(1403, 4, 9, '2021-01-24', '2021-01-15 15:34:39'),
(1404, 4, 18, '2021-01-25', '2021-01-15 15:34:39'),
(1405, 1, 20, '2021-01-25', '2021-01-15 15:34:39'),
(1406, 1, 6, '2021-01-25', '2021-01-15 15:34:39'),
(1407, 4, 19, '2021-01-27', '2021-01-15 15:34:39'),
(1408, 4, 9, '2021-01-20', '2021-01-15 15:34:39'),
(1409, 3, 15, '2021-01-17', '2021-01-15 15:34:39'),
(1410, 2, 7, '2021-01-26', '2021-01-15 15:34:39'),
(1411, 3, 12, '2021-01-22', '2021-01-15 15:34:39'),
(1412, 4, 17, '2021-01-19', '2021-01-15 15:34:39'),
(1413, 1, 17, '2021-01-30', '2021-01-15 15:34:39'),
(1414, 4, 17, '2021-01-19', '2021-01-15 15:34:39'),
(1415, 1, 5, '2021-01-19', '2021-01-15 15:34:39'),
(1416, 2, 12, '2021-01-23', '2021-01-15 15:34:39'),
(1417, 2, 1, '2021-01-18', '2021-01-15 15:34:39'),
(1418, 2, 17, '2021-01-16', '2021-01-15 15:34:39'),
(1419, 2, 2, '2021-01-17', '2021-01-15 15:34:39'),
(1420, 4, 10, '2021-01-17', '2021-01-15 15:34:39'),
(1421, 2, 16, '2021-01-16', '2021-01-15 15:34:39'),
(1422, 2, 19, '2021-01-30', '2021-01-15 15:34:39'),
(1423, 2, 20, '2021-01-17', '2021-01-15 15:34:39'),
(1424, 3, 3, '2021-01-25', '2021-01-15 15:34:39'),
(1425, 3, 11, '2021-01-24', '2021-01-15 15:34:39'),
(1426, 3, 8, '2021-01-28', '2021-01-15 15:34:39'),
(1427, 2, 12, '2021-01-17', '2021-01-15 15:34:39'),
(1428, 2, 9, '2021-01-20', '2021-01-15 15:34:39'),
(1429, 3, 5, '2021-01-17', '2021-01-15 15:34:39'),
(1430, 4, 4, '2021-01-29', '2021-01-15 15:34:39'),
(1431, 2, 12, '2021-01-26', '2021-01-15 15:34:39'),
(1432, 2, 13, '2021-01-28', '2021-01-15 15:34:39'),
(1433, 3, 13, '2021-01-13', '2021-01-15 15:34:39'),
(1434, 1, 6, '2021-01-20', '2021-01-15 15:34:39'),
(1435, 3, 10, '2021-01-19', '2021-01-15 15:34:39'),
(1436, 3, 12, '2021-01-16', '2021-01-15 15:34:39'),
(1437, 2, 8, '2021-01-17', '2021-01-15 15:34:39'),
(1438, 4, 4, '2021-01-29', '2021-01-15 15:34:39'),
(1439, 4, 3, '2021-01-17', '2021-01-15 15:34:39'),
(1440, 3, 20, '2021-01-16', '2021-01-15 15:34:39'),
(1441, 2, 11, '2021-01-13', '2021-01-15 15:34:39'),
(1442, 2, 5, '2021-01-22', '2021-01-15 15:34:39'),
(1443, 1, 15, '2021-01-15', '2021-01-15 15:34:39'),
(1444, 4, 17, '2021-01-21', '2021-01-15 15:34:39'),
(1445, 1, 16, '2021-01-30', '2021-01-15 15:34:39'),
(1446, 1, 3, '2021-01-24', '2021-01-15 15:34:39'),
(1447, 3, 17, '2021-01-13', '2021-01-15 15:34:39'),
(1448, 4, 2, '2021-01-30', '2021-01-15 15:34:39'),
(1449, 2, 13, '2021-01-25', '2021-01-15 15:34:39'),
(1450, 4, 12, '2021-01-16', '2021-01-15 15:34:39'),
(1451, 1, 2, '2021-01-28', '2021-01-15 15:34:39'),
(1452, 2, 2, '2021-01-26', '2021-01-15 15:34:39'),
(1453, 1, 1, '2021-01-30', '2021-01-15 15:34:39'),
(1454, 4, 8, '2021-01-15', '2021-01-15 15:34:39'),
(1455, 4, 2, '2021-01-25', '2021-01-15 15:34:39'),
(1456, 4, 16, '2021-01-29', '2021-01-15 15:34:39'),
(1457, 3, 10, '2021-01-27', '2021-01-15 15:34:39'),
(1458, 4, 11, '2021-01-23', '2021-01-15 15:34:39'),
(1459, 1, 9, '2021-01-24', '2021-01-15 15:34:39'),
(1460, 4, 16, '2021-01-26', '2021-01-15 15:34:39'),
(1461, 3, 15, '2021-01-21', '2021-01-15 15:34:39'),
(1462, 4, 3, '2021-01-30', '2021-01-15 15:34:39'),
(1463, 4, 12, '2021-01-27', '2021-01-15 15:34:39'),
(1464, 4, 20, '2021-01-22', '2021-01-15 15:34:39'),
(1465, 2, 9, '2021-01-24', '2021-01-15 15:34:39'),
(1466, 1, 16, '2021-01-19', '2021-01-15 15:34:39'),
(1467, 4, 1, '2021-01-30', '2021-01-15 15:34:39'),
(1468, 4, 12, '2021-01-23', '2021-01-15 15:34:39'),
(1469, 3, 16, '2021-01-18', '2021-01-15 15:34:39'),
(1470, 1, 1, '2021-01-24', '2021-01-15 15:34:39'),
(1471, 3, 4, '2021-01-16', '2021-01-15 15:34:39'),
(1472, 3, 17, '2021-01-22', '2021-01-15 15:34:39'),
(1473, 2, 2, '2021-01-28', '2021-01-15 15:34:39'),
(1474, 4, 20, '2021-01-21', '2021-01-15 15:34:39'),
(1475, 3, 14, '2021-01-29', '2021-01-15 15:34:39'),
(1476, 1, 20, '2021-01-23', '2021-01-15 15:34:39'),
(1477, 3, 20, '2021-01-21', '2021-01-15 15:34:39'),
(1478, 2, 9, '2021-01-24', '2021-01-15 15:34:39'),
(1479, 1, 2, '2021-01-26', '2021-01-15 15:34:39'),
(1480, 2, 17, '2021-01-28', '2021-01-15 15:34:39'),
(1481, 2, 9, '2021-01-20', '2021-01-15 15:34:39'),
(1482, 3, 20, '2021-01-21', '2021-01-15 15:34:39'),
(1483, 4, 4, '2021-01-26', '2021-01-15 15:34:39'),
(1484, 3, 19, '2021-01-14', '2021-01-15 15:34:39'),
(1485, 4, 17, '2021-01-17', '2021-01-15 15:34:39'),
(1486, 4, 14, '2021-01-16', '2021-01-15 15:34:39'),
(1487, 1, 17, '2021-01-19', '2021-01-15 15:34:39'),
(1488, 2, 8, '2021-01-22', '2021-01-15 15:34:39'),
(1489, 3, 14, '2021-01-15', '2021-01-15 15:34:39'),
(1490, 2, 19, '2021-01-24', '2021-01-15 15:34:39'),
(1491, 1, 12, '2021-01-16', '2021-01-15 15:34:39'),
(1492, 4, 8, '2021-01-14', '2021-01-15 15:34:39'),
(1493, 2, 8, '2021-01-20', '2021-01-15 15:34:39'),
(1494, 2, 18, '2021-01-29', '2021-01-15 15:34:39'),
(1495, 4, 6, '2021-01-28', '2021-01-15 15:34:39'),
(1496, 2, 16, '2021-01-19', '2021-01-15 15:34:39'),
(1497, 1, 17, '2021-01-28', '2021-01-15 15:34:39'),
(1498, 4, 7, '2021-01-28', '2021-01-15 15:34:39'),
(1499, 3, 8, '2021-01-15', '2021-01-15 15:34:39'),
(1500, 3, 11, '2021-01-20', '2021-01-15 15:34:39'),
(1501, 4, 3, '2021-01-25', '2021-01-15 15:34:39'),
(1502, 4, 14, '2021-01-27', '2021-01-15 15:34:39'),
(1503, 3, 12, '2021-01-30', '2021-01-15 15:34:39'),
(1504, 4, 3, '2021-01-28', '2021-01-15 15:34:39'),
(1505, 2, 12, '2021-01-16', '2021-01-15 15:34:39'),
(1506, 1, 1, '2021-01-13', '2021-01-15 15:34:39'),
(1507, 4, 15, '2021-01-18', '2021-01-15 15:34:39'),
(1508, 3, 17, '2021-01-16', '2021-01-15 15:34:39'),
(1509, 1, 6, '2021-01-30', '2021-01-15 15:34:39'),
(1510, 3, 19, '2021-01-18', '2021-01-15 15:34:39'),
(1511, 3, 20, '2021-01-24', '2021-01-15 15:34:39'),
(1512, 1, 16, '2021-01-16', '2021-01-15 15:34:39'),
(1513, 3, 4, '2021-01-29', '2021-01-15 15:34:39'),
(1514, 1, 2, '2021-01-20', '2021-01-15 15:34:39'),
(1515, 3, 15, '2021-01-29', '2021-01-15 15:34:39'),
(1516, 3, 1, '2021-01-20', '2021-01-15 15:34:39'),
(1517, 3, 3, '2021-01-21', '2021-01-15 15:34:39'),
(1518, 1, 6, '2021-01-28', '2021-01-15 15:34:39'),
(1519, 2, 7, '2021-01-29', '2021-01-15 15:34:39'),
(1520, 1, 17, '2021-01-14', '2021-01-15 15:34:39'),
(1521, 4, 20, '2021-01-25', '2021-01-15 15:34:39'),
(1522, 1, 4, '2021-01-20', '2021-01-15 15:34:39'),
(1523, 2, 20, '2021-01-28', '2021-01-15 15:34:39'),
(1524, 1, 5, '2021-01-18', '2021-01-15 15:34:39'),
(1525, 2, 6, '2021-01-14', '2021-01-15 15:34:39'),
(1526, 3, 5, '2021-01-24', '2021-01-15 15:34:39'),
(1527, 1, 1, '2021-01-16', '2021-01-15 15:34:39'),
(1528, 2, 14, '2021-01-14', '2021-01-15 15:34:39'),
(1529, 3, 12, '2021-01-13', '2021-01-15 15:34:39'),
(1530, 1, 13, '2021-01-15', '2021-01-15 15:34:39'),
(1531, 2, 5, '2021-01-14', '2021-01-15 15:34:39'),
(1532, 4, 15, '2021-01-18', '2021-01-15 15:34:39'),
(1533, 4, 18, '2021-01-26', '2021-01-15 15:34:39'),
(1534, 3, 6, '2021-01-18', '2021-01-15 15:34:39'),
(1535, 4, 1, '2021-01-13', '2021-01-15 15:34:39'),
(1536, 1, 8, '2021-01-17', '2021-01-15 15:34:39'),
(1537, 3, 17, '2021-01-21', '2021-01-15 15:34:39'),
(1538, 1, 19, '2021-01-21', '2021-01-15 15:34:39'),
(1539, 1, 10, '2021-01-17', '2021-01-15 15:34:39'),
(1540, 3, 7, '2021-01-16', '2021-01-15 15:34:39'),
(1541, 2, 5, '2021-01-28', '2021-01-15 15:34:39'),
(1542, 1, 6, '2021-01-16', '2021-01-15 15:34:39'),
(1543, 2, 14, '2021-01-23', '2021-01-15 15:34:39'),
(1544, 1, 1, '2021-01-23', '2021-01-15 15:34:39'),
(1545, 4, 19, '2021-01-30', '2021-01-15 15:34:39'),
(1546, 1, 17, '2021-01-14', '2021-01-15 15:34:39'),
(1547, 2, 18, '2021-01-22', '2021-01-15 15:34:39'),
(1548, 4, 8, '2021-01-19', '2021-01-15 15:34:39'),
(1549, 3, 20, '2021-01-28', '2021-01-15 15:34:39'),
(1550, 4, 18, '2021-01-13', '2021-01-15 15:34:39'),
(1551, 1, 4, '2021-01-15', '2021-01-15 15:34:39'),
(1552, 1, 8, '2021-01-20', '2021-01-15 15:34:39'),
(1553, 3, 18, '2021-01-14', '2021-01-15 15:34:39'),
(1554, 1, 10, '2021-01-30', '2021-01-15 15:34:39'),
(1555, 4, 2, '2021-01-29', '2021-01-15 15:34:39'),
(1556, 1, 7, '2021-01-18', '2021-01-15 15:34:39'),
(1557, 4, 17, '2021-01-23', '2021-01-15 15:34:39'),
(1558, 2, 18, '2021-01-23', '2021-01-15 15:34:39'),
(1559, 2, 7, '2021-01-27', '2021-01-15 15:34:39'),
(1560, 4, 19, '2021-01-13', '2021-01-15 15:34:39'),
(1561, 4, 20, '2021-01-27', '2021-01-15 15:34:39'),
(1562, 2, 6, '2021-01-14', '2021-01-15 15:34:39'),
(1563, 3, 14, '2021-01-20', '2021-01-15 15:34:39'),
(1564, 1, 1, '2021-01-28', '2021-01-15 15:34:39'),
(1565, 3, 2, '2021-01-23', '2021-01-15 15:34:39'),
(1566, 3, 6, '2021-01-24', '2021-01-15 15:34:39'),
(1567, 3, 3, '2021-01-13', '2021-01-15 15:34:39'),
(1568, 1, 11, '2021-01-26', '2021-01-15 15:34:39'),
(1569, 4, 17, '2021-01-20', '2021-01-15 15:34:39'),
(1570, 2, 19, '2021-01-13', '2021-01-15 15:34:39'),
(1571, 3, 19, '2021-01-29', '2021-01-15 15:34:39'),
(1572, 1, 2, '2021-01-27', '2021-01-15 15:34:39'),
(1573, 2, 12, '2021-01-21', '2021-01-15 15:34:39'),
(1574, 2, 13, '2021-01-23', '2021-01-15 15:34:39'),
(1575, 2, 14, '2021-01-15', '2021-01-15 15:34:39'),
(1576, 2, 14, '2021-01-17', '2021-01-15 15:34:39'),
(1577, 4, 9, '2021-01-28', '2021-01-15 15:34:39'),
(1578, 3, 3, '2021-01-23', '2021-01-15 15:34:39'),
(1579, 3, 3, '2021-01-16', '2021-01-15 15:34:39'),
(1580, 1, 11, '2021-01-20', '2021-01-15 15:34:39'),
(1581, 4, 9, '2021-01-26', '2021-01-15 15:34:39'),
(1582, 2, 4, '2021-01-13', '2021-01-15 15:34:39'),
(1583, 1, 16, '2021-01-20', '2021-01-15 15:34:39'),
(1584, 1, 17, '2021-01-27', '2021-01-15 15:34:39'),
(1585, 2, 4, '2021-01-25', '2021-01-15 15:34:39'),
(1586, 3, 11, '2021-01-26', '2021-01-15 15:34:39'),
(1587, 2, 3, '2021-01-17', '2021-01-15 15:34:39'),
(1588, 1, 16, '2021-01-29', '2021-01-15 15:34:39'),
(1589, 2, 10, '2021-01-22', '2021-01-15 15:34:39'),
(1590, 3, 20, '2021-01-13', '2021-01-15 15:34:39'),
(1591, 1, 9, '2021-01-20', '2021-01-15 15:34:39'),
(1592, 3, 20, '2021-01-24', '2021-01-15 15:34:39'),
(1593, 1, 15, '2021-01-24', '2021-01-15 15:34:39'),
(1594, 3, 14, '2021-01-17', '2021-01-15 15:34:39'),
(1595, 4, 1, '2021-01-16', '2021-01-15 15:34:39'),
(1596, 3, 6, '2021-01-30', '2021-01-15 15:34:39'),
(1597, 1, 3, '2021-01-14', '2021-01-15 15:34:39'),
(1598, 4, 11, '2021-01-29', '2021-01-15 15:34:39'),
(1599, 1, 2, '2021-01-20', '2021-01-15 15:34:39'),
(1600, 4, 1, '2021-01-21', '2021-01-15 15:34:39'),
(1601, 3, 15, '2021-01-29', '2021-01-15 15:34:39'),
(1602, 1, 10, '2021-01-23', '2021-01-15 15:34:39'),
(1603, 3, 2, '2021-01-26', '2021-01-15 15:34:39'),
(1604, 1, 19, '2021-01-28', '2021-01-15 15:34:39'),
(1605, 3, 10, '2021-01-14', '2021-01-15 15:34:39'),
(1606, 2, 5, '2021-01-25', '2021-01-15 15:34:39'),
(1607, 1, 15, '2021-01-21', '2021-01-15 15:34:39'),
(1608, 3, 14, '2021-01-30', '2021-01-15 15:34:39'),
(1609, 4, 12, '2021-01-25', '2021-01-15 15:34:39'),
(1610, 3, 1, '2021-01-24', '2021-01-15 15:34:39'),
(1611, 4, 17, '2021-01-30', '2021-01-15 15:34:39'),
(1612, 4, 5, '2021-01-18', '2021-01-15 15:34:39'),
(1613, 1, 12, '2021-01-15', '2021-01-15 15:34:39'),
(1614, 3, 20, '2021-01-13', '2021-01-15 15:34:39'),
(1615, 2, 12, '2021-01-14', '2021-01-15 15:34:39'),
(1616, 4, 7, '2021-01-18', '2021-01-15 15:34:39'),
(1617, 1, 3, '2021-01-13', '2021-01-15 15:34:39'),
(1618, 1, 11, '2021-01-28', '2021-01-15 15:34:39'),
(1619, 2, 6, '2021-01-23', '2021-01-15 15:34:39'),
(1620, 4, 16, '2021-01-16', '2021-01-15 15:34:39'),
(1621, 3, 16, '2021-01-26', '2021-01-15 15:34:39'),
(1622, 1, 13, '2021-01-22', '2021-01-15 15:34:39'),
(1623, 3, 3, '2021-01-29', '2021-01-15 15:34:39'),
(1624, 2, 2, '2021-01-30', '2021-01-15 15:34:39'),
(1625, 1, 14, '2021-01-20', '2021-01-15 15:34:39'),
(1626, 2, 17, '2021-01-30', '2021-01-15 15:34:39'),
(1627, 1, 20, '2021-01-21', '2021-01-15 15:34:39'),
(1628, 4, 11, '2021-01-25', '2021-01-15 15:34:39'),
(1629, 1, 15, '2021-01-29', '2021-01-15 15:34:39'),
(1630, 4, 17, '2021-01-23', '2021-01-15 15:34:39'),
(1631, 2, 11, '2021-01-23', '2021-01-15 15:34:39'),
(1632, 2, 16, '2021-01-24', '2021-01-15 15:34:39'),
(1633, 3, 20, '2021-01-23', '2021-01-15 15:34:39'),
(1634, 3, 2, '2021-01-22', '2021-01-15 15:34:39'),
(1635, 2, 20, '2021-01-26', '2021-01-15 15:34:39'),
(1636, 2, 11, '2021-01-17', '2021-01-15 15:34:39'),
(1637, 3, 15, '2021-01-13', '2021-01-15 15:34:39'),
(1638, 1, 17, '2021-01-13', '2021-01-15 15:34:39'),
(1639, 2, 4, '2021-01-26', '2021-01-15 15:34:39'),
(1640, 2, 19, '2021-01-16', '2021-01-15 15:34:39'),
(1641, 4, 9, '2021-01-20', '2021-01-15 15:34:39'),
(1642, 2, 16, '2021-01-13', '2021-01-15 15:34:39'),
(1643, 3, 18, '2021-01-27', '2021-01-15 15:34:39'),
(1644, 1, 8, '2021-01-13', '2021-01-15 15:34:39'),
(1645, 2, 15, '2021-01-15', '2021-01-15 15:34:39'),
(1646, 3, 1, '2021-01-20', '2021-01-15 15:34:39'),
(1647, 4, 15, '2021-01-24', '2021-01-15 15:34:39'),
(1648, 1, 8, '2021-01-18', '2021-01-15 15:34:39'),
(1649, 1, 5, '2021-01-13', '2021-01-15 15:34:39'),
(1650, 3, 2, '2021-01-29', '2021-01-15 15:34:39'),
(1651, 2, 4, '2021-01-23', '2021-01-15 15:34:39'),
(1652, 1, 8, '2021-01-19', '2021-01-15 15:34:39'),
(1653, 1, 8, '2021-01-16', '2021-01-15 15:34:39'),
(1654, 3, 20, '2021-01-30', '2021-01-15 15:34:39'),
(1655, 3, 5, '2021-01-16', '2021-01-15 15:34:39'),
(1767, 1, 11, '2021-01-25', '2021-01-15 15:34:39'),
(1768, 1, 18, '2021-01-23', '2021-01-15 15:34:39'),
(1769, 2, 3, '2021-01-14', '2021-01-15 15:34:39'),
(1770, 3, 6, '2021-01-28', '2021-01-15 15:34:39'),
(1771, 4, 7, '2021-01-14', '2021-01-15 15:34:39'),
(1772, 1, 15, '2021-01-29', '2021-01-15 15:34:39'),
(1773, 3, 15, '2021-01-19', '2021-01-15 15:34:39'),
(1774, 2, 9, '2021-01-25', '2021-01-15 15:34:39'),
(1775, 1, 1, '2021-01-29', '2021-01-15 15:34:39'),
(1776, 1, 19, '2021-01-18', '2021-01-15 15:34:39'),
(1777, 4, 11, '2021-01-28', '2021-01-15 15:34:39'),
(1778, 1, 20, '2021-01-22', '2021-01-15 15:34:39'),
(1779, 3, 18, '2021-01-13', '2021-01-15 15:34:39'),
(1780, 2, 6, '2021-01-20', '2021-01-15 15:34:39'),
(1781, 1, 4, '2021-01-24', '2021-01-15 15:34:39'),
(1782, 2, 20, '2021-01-29', '2021-01-15 15:34:39'),
(1783, 1, 11, '2021-01-23', '2021-01-15 15:34:39'),
(1784, 4, 12, '2021-01-14', '2021-01-15 15:34:39'),
(1785, 2, 12, '2021-01-19', '2021-01-15 15:34:39'),
(1786, 4, 6, '2021-01-18', '2021-01-15 15:34:39'),
(1787, 4, 10, '2021-01-21', '2021-01-15 15:34:39'),
(1788, 4, 6, '2021-01-14', '2021-01-15 15:34:39'),
(1789, 3, 8, '2021-01-17', '2021-01-15 15:34:39'),
(1790, 2, 11, '2021-01-27', '2021-01-15 15:34:39'),
(1791, 1, 1, '2021-01-18', '2021-01-15 15:34:39'),
(1792, 3, 12, '2021-01-13', '2021-01-15 15:34:39'),
(1793, 1, 14, '2021-01-14', '2021-01-15 15:34:39'),
(1794, 1, 15, '2021-01-23', '2021-01-15 15:34:39'),
(1795, 3, 9, '2021-01-24', '2021-01-15 15:34:39'),
(1796, 2, 16, '2021-01-21', '2021-01-15 15:34:39'),
(1797, 4, 1, '2021-01-20', '2021-01-15 15:34:39'),
(1798, 4, 9, '2021-01-21', '2021-01-15 15:34:39'),
(1799, 3, 10, '2021-01-19', '2021-01-15 15:34:39'),
(1800, 3, 12, '2021-01-20', '2021-01-15 15:34:39'),
(1801, 3, 12, '2021-01-22', '2021-01-15 15:34:39'),
(1802, 1, 3, '2021-01-15', '2021-01-15 15:34:39'),
(1803, 2, 4, '2021-01-26', '2021-01-15 15:34:39'),
(1804, 2, 19, '2021-01-28', '2021-01-15 15:34:39'),
(1805, 2, 17, '2021-01-22', '2021-01-15 15:34:39'),
(1806, 3, 18, '2021-01-26', '2021-01-15 15:34:39'),
(1807, 3, 3, '2021-01-21', '2021-01-15 15:34:39'),
(1808, 3, 2, '2021-01-24', '2021-01-15 15:34:39'),
(1809, 3, 12, '2021-01-20', '2021-01-15 15:34:39'),
(1810, 4, 17, '2021-01-27', '2021-01-15 15:34:39'),
(1811, 4, 19, '2021-01-30', '2021-01-15 15:34:39'),
(1812, 3, 14, '2021-01-25', '2021-01-15 15:34:39'),
(1813, 1, 4, '2021-01-28', '2021-01-15 15:34:39'),
(1814, 4, 12, '2021-01-19', '2021-01-15 15:34:39'),
(1815, 3, 11, '2021-01-16', '2021-01-15 15:34:39'),
(1816, 4, 20, '2021-01-25', '2021-01-15 15:34:39'),
(1817, 3, 16, '2021-01-24', '2021-01-15 15:34:39'),
(1818, 2, 3, '2021-01-25', '2021-01-15 15:34:39'),
(1819, 3, 16, '2021-01-27', '2021-01-15 15:34:39'),
(1820, 3, 19, '2021-01-13', '2021-01-15 15:34:39'),
(1821, 1, 9, '2021-01-21', '2021-01-15 15:34:39'),
(1822, 4, 15, '2021-01-22', '2021-01-15 15:34:39'),
(1823, 2, 13, '2021-01-18', '2021-01-15 15:34:39'),
(1824, 3, 7, '2021-01-27', '2021-01-15 15:34:39'),
(1825, 1, 5, '2021-01-16', '2021-01-15 15:34:39'),
(1826, 2, 20, '2021-01-19', '2021-01-15 15:34:39'),
(1827, 2, 2, '2021-01-16', '2021-01-15 15:34:39'),
(1828, 1, 1, '2021-01-27', '2021-01-15 15:34:39'),
(1829, 4, 11, '2021-01-15', '2021-01-15 15:34:39'),
(1830, 2, 8, '2021-01-20', '2021-01-15 15:34:39'),
(1831, 4, 11, '2021-01-25', '2021-01-15 15:34:39'),
(1832, 4, 19, '2021-01-24', '2021-01-15 15:34:39'),
(1833, 2, 12, '2021-01-16', '2021-01-15 15:34:39'),
(1834, 1, 12, '2021-01-19', '2021-01-15 15:34:39'),
(1835, 2, 17, '2021-01-16', '2021-01-15 15:34:39'),
(1836, 1, 15, '2021-01-21', '2021-01-15 15:34:39'),
(1837, 3, 17, '2021-01-19', '2021-01-15 15:34:39'),
(1838, 2, 15, '2021-01-17', '2021-01-15 15:34:39'),
(1839, 1, 9, '2021-01-23', '2021-01-15 15:34:39'),
(1840, 3, 14, '2021-01-13', '2021-01-15 15:34:39'),
(1841, 1, 8, '2021-01-30', '2021-01-15 15:34:39'),
(1842, 4, 7, '2021-01-13', '2021-01-15 15:34:39'),
(1843, 3, 4, '2021-01-17', '2021-01-15 15:34:39'),
(1844, 1, 18, '2021-01-18', '2021-01-15 15:34:39'),
(1845, 4, 16, '2021-01-24', '2021-01-15 15:34:39'),
(1846, 2, 9, '2021-01-14', '2021-01-15 15:34:39'),
(1847, 2, 16, '2021-01-26', '2021-01-15 15:34:39'),
(1848, 2, 1, '2021-01-14', '2021-01-15 15:34:39'),
(1849, 1, 10, '2021-01-18', '2021-01-15 15:34:39'),
(1850, 1, 1, '2021-01-24', '2021-01-15 15:34:39'),
(1851, 3, 8, '2021-01-16', '2021-01-15 15:34:39'),
(1852, 1, 13, '2021-01-28', '2021-01-15 15:34:39'),
(1853, 4, 8, '2021-01-29', '2021-01-15 15:34:39'),
(1854, 1, 16, '2021-01-30', '2021-01-15 15:34:39'),
(1855, 4, 19, '2021-01-27', '2021-01-15 15:34:39'),
(1856, 4, 13, '2021-01-23', '2021-01-15 15:34:39'),
(1857, 1, 19, '2021-01-13', '2021-01-15 15:34:39'),
(1858, 2, 17, '2021-01-23', '2021-01-15 15:34:39'),
(1859, 3, 9, '2021-01-15', '2021-01-15 15:34:39'),
(1860, 2, 11, '2021-01-14', '2021-01-15 15:34:39'),
(1861, 4, 1, '2021-01-14', '2021-01-15 15:34:39'),
(1862, 3, 3, '2021-01-14', '2021-01-15 15:34:39'),
(1863, 3, 5, '2021-01-25', '2021-01-15 15:34:39'),
(1864, 3, 19, '2021-01-23', '2021-01-15 15:34:39'),
(1865, 3, 17, '2021-01-21', '2021-01-15 15:34:39'),
(1866, 2, 19, '2021-01-23', '2021-01-15 15:34:39'),
(1867, 3, 8, '2021-01-29', '2021-01-15 15:34:39'),
(1868, 2, 6, '2021-01-15', '2021-01-15 15:34:39'),
(1869, 1, 20, '2021-01-21', '2021-01-15 15:34:39'),
(1870, 4, 15, '2021-01-17', '2021-01-15 15:34:39'),
(1871, 1, 2, '2021-01-27', '2021-01-15 15:34:39'),
(1872, 3, 5, '2021-01-14', '2021-01-15 15:34:39'),
(1873, 3, 15, '2021-01-13', '2021-01-15 15:34:39'),
(1874, 4, 18, '2021-01-19', '2021-01-15 15:34:39'),
(1875, 4, 16, '2021-01-28', '2021-01-15 15:34:39'),
(1876, 1, 18, '2021-01-16', '2021-01-15 15:34:39'),
(1877, 1, 14, '2021-01-17', '2021-01-15 15:34:39'),
(1878, 4, 9, '2021-01-19', '2021-01-15 15:34:39'),
(1879, 3, 10, '2021-01-30', '2021-01-15 15:34:39'),
(1880, 4, 17, '2021-01-28', '2021-01-15 15:34:39'),
(1881, 1, 17, '2021-01-15', '2021-01-15 15:34:39'),
(1882, 1, 4, '2021-01-23', '2021-01-15 15:34:39'),
(1883, 3, 11, '2021-01-18', '2021-01-15 15:34:39'),
(1884, 3, 2, '2021-01-26', '2021-01-15 15:34:39'),
(1885, 1, 16, '2021-01-26', '2021-01-15 15:34:39'),
(1886, 1, 18, '2021-01-18', '2021-01-15 15:34:39'),
(1887, 3, 18, '2021-01-18', '2021-01-15 15:34:39'),
(1888, 1, 9, '2021-01-16', '2021-01-15 15:34:39'),
(1889, 1, 7, '2021-01-19', '2021-01-15 15:34:39'),
(1890, 2, 5, '2021-01-25', '2021-01-15 15:34:39'),
(1891, 1, 14, '2021-01-19', '2021-01-15 15:34:39'),
(1892, 3, 1, '2021-01-17', '2021-01-15 15:34:39'),
(1893, 3, 9, '2021-01-27', '2021-01-15 15:34:39'),
(1894, 1, 1, '2021-01-22', '2021-01-15 15:34:39'),
(1895, 4, 9, '2021-01-24', '2021-01-15 15:34:39'),
(1896, 3, 18, '2021-01-27', '2021-01-15 15:34:39'),
(1897, 3, 11, '2021-01-30', '2021-01-15 15:34:39'),
(1898, 4, 8, '2021-01-20', '2021-01-15 15:34:39'),
(1899, 1, 1, '2021-01-20', '2021-01-15 15:34:39'),
(1900, 3, 16, '2021-01-13', '2021-01-15 15:34:39'),
(1901, 2, 5, '2021-01-26', '2021-01-15 15:34:39'),
(1902, 2, 4, '2021-01-16', '2021-01-15 15:34:39'),
(1903, 2, 16, '2021-01-30', '2021-01-15 15:34:39'),
(1904, 2, 3, '2021-01-20', '2021-01-15 15:34:39'),
(1905, 1, 14, '2021-01-13', '2021-01-15 15:34:39'),
(1906, 4, 16, '2021-01-25', '2021-01-15 15:34:39'),
(1907, 3, 8, '2021-01-16', '2021-01-15 15:34:39'),
(1908, 4, 18, '2021-01-24', '2021-01-15 15:34:39'),
(1909, 1, 15, '2021-01-16', '2021-01-15 15:34:39'),
(1910, 1, 8, '2021-01-17', '2021-01-15 15:34:39'),
(1911, 1, 11, '2021-01-30', '2021-01-15 15:34:39'),
(1912, 2, 17, '2021-01-24', '2021-01-15 15:34:39'),
(1913, 3, 13, '2021-01-20', '2021-01-15 15:34:39'),
(1914, 4, 9, '2021-01-24', '2021-01-15 15:34:39'),
(1915, 4, 18, '2021-01-25', '2021-01-15 15:34:39'),
(1916, 1, 20, '2021-01-25', '2021-01-15 15:34:39'),
(1917, 1, 6, '2021-01-25', '2021-01-15 15:34:39'),
(1918, 4, 19, '2021-01-27', '2021-01-15 15:34:39'),
(1919, 4, 9, '2021-01-20', '2021-01-15 15:34:39'),
(1920, 3, 15, '2021-01-17', '2021-01-15 15:34:39'),
(1921, 2, 7, '2021-01-26', '2021-01-15 15:34:39'),
(1922, 3, 12, '2021-01-22', '2021-01-15 15:34:39'),
(1923, 4, 17, '2021-01-19', '2021-01-15 15:34:39'),
(1924, 1, 17, '2021-01-30', '2021-01-15 15:34:39'),
(1925, 4, 17, '2021-01-19', '2021-01-15 15:34:39'),
(1926, 1, 5, '2021-01-19', '2021-01-15 15:34:39'),
(1927, 2, 12, '2021-01-23', '2021-01-15 15:34:39'),
(1928, 2, 1, '2021-01-18', '2021-01-15 15:34:39'),
(1929, 2, 17, '2021-01-16', '2021-01-15 15:34:39'),
(1930, 2, 2, '2021-01-17', '2021-01-15 15:34:39'),
(1931, 4, 10, '2021-01-17', '2021-01-15 15:34:39'),
(1932, 2, 16, '2021-01-16', '2021-01-15 15:34:39'),
(1933, 2, 19, '2021-01-30', '2021-01-15 15:34:39'),
(1934, 2, 20, '2021-01-17', '2021-01-15 15:34:39'),
(1935, 3, 3, '2021-01-25', '2021-01-15 15:34:39'),
(1936, 3, 11, '2021-01-24', '2021-01-15 15:34:39'),
(1937, 3, 8, '2021-01-28', '2021-01-15 15:34:39'),
(1938, 2, 12, '2021-01-17', '2021-01-15 15:34:39'),
(1939, 2, 9, '2021-01-20', '2021-01-15 15:34:39'),
(1940, 3, 5, '2021-01-17', '2021-01-15 15:34:39'),
(1941, 4, 4, '2021-01-29', '2021-01-15 15:34:39'),
(1942, 2, 12, '2021-01-26', '2021-01-15 15:34:39'),
(1943, 2, 13, '2021-01-28', '2021-01-15 15:34:39'),
(1944, 3, 13, '2021-01-13', '2021-01-15 15:34:39'),
(1945, 1, 6, '2021-01-20', '2021-01-15 15:34:39'),
(1946, 3, 10, '2021-01-19', '2021-01-15 15:34:39'),
(1947, 3, 12, '2021-01-16', '2021-01-15 15:34:39'),
(1948, 2, 8, '2021-01-17', '2021-01-15 15:34:39'),
(1949, 4, 4, '2021-01-29', '2021-01-15 15:34:39'),
(1950, 4, 3, '2021-01-17', '2021-01-15 15:34:39'),
(1951, 3, 20, '2021-01-16', '2021-01-15 15:34:39'),
(1952, 2, 11, '2021-01-13', '2021-01-15 15:34:39'),
(1953, 2, 5, '2021-01-22', '2021-01-15 15:34:39'),
(1954, 1, 15, '2021-01-15', '2021-01-15 15:34:39'),
(1955, 4, 17, '2021-01-21', '2021-01-15 15:34:39'),
(1956, 1, 16, '2021-01-30', '2021-01-15 15:34:39'),
(1957, 1, 3, '2021-01-24', '2021-01-15 15:34:39'),
(1958, 3, 17, '2021-01-13', '2021-01-15 15:34:39'),
(1959, 4, 2, '2021-01-30', '2021-01-15 15:34:39'),
(1960, 2, 13, '2021-01-25', '2021-01-15 15:34:39'),
(1961, 4, 12, '2021-01-16', '2021-01-15 15:34:39'),
(1962, 1, 2, '2021-01-28', '2021-01-15 15:34:39'),
(1963, 2, 2, '2021-01-26', '2021-01-15 15:34:39'),
(1964, 1, 1, '2021-01-30', '2021-01-15 15:34:39'),
(1965, 4, 8, '2021-01-15', '2021-01-15 15:34:39'),
(1966, 4, 2, '2021-01-25', '2021-01-15 15:34:39'),
(1967, 4, 16, '2021-01-29', '2021-01-15 15:34:39'),
(1968, 3, 10, '2021-01-27', '2021-01-15 15:34:39'),
(1969, 4, 11, '2021-01-23', '2021-01-15 15:34:39'),
(1970, 1, 9, '2021-01-24', '2021-01-15 15:34:39'),
(1971, 4, 16, '2021-01-26', '2021-01-15 15:34:39'),
(1972, 3, 15, '2021-01-21', '2021-01-15 15:34:39'),
(1973, 4, 3, '2021-01-30', '2021-01-15 15:34:39'),
(1974, 4, 12, '2021-01-27', '2021-01-15 15:34:39'),
(1975, 4, 20, '2021-01-22', '2021-01-15 15:34:39'),
(1976, 2, 9, '2021-01-24', '2021-01-15 15:34:39'),
(1977, 1, 16, '2021-01-19', '2021-01-15 15:34:39'),
(1978, 4, 1, '2021-01-30', '2021-01-15 15:34:39'),
(1979, 4, 12, '2021-01-23', '2021-01-15 15:34:39'),
(1980, 3, 16, '2021-01-18', '2021-01-15 15:34:39'),
(1981, 1, 1, '2021-01-24', '2021-01-15 15:34:39'),
(1982, 3, 4, '2021-01-16', '2021-01-15 15:34:39'),
(1983, 3, 17, '2021-01-22', '2021-01-15 15:34:39'),
(1984, 2, 2, '2021-01-28', '2021-01-15 15:34:39'),
(1985, 4, 20, '2021-01-21', '2021-01-15 15:34:39'),
(1986, 3, 14, '2021-01-29', '2021-01-15 15:34:39'),
(1987, 1, 20, '2021-01-23', '2021-01-15 15:34:39'),
(1988, 3, 20, '2021-01-21', '2021-01-15 15:34:39'),
(1989, 2, 9, '2021-01-24', '2021-01-15 15:34:39'),
(1990, 1, 2, '2021-01-26', '2021-01-15 15:34:39'),
(1991, 2, 17, '2021-01-28', '2021-01-15 15:34:39'),
(1992, 2, 9, '2021-01-20', '2021-01-15 15:34:39'),
(1993, 3, 20, '2021-01-21', '2021-01-15 15:34:39'),
(1994, 4, 4, '2021-01-26', '2021-01-15 15:34:39'),
(1995, 3, 19, '2021-01-14', '2021-01-15 15:34:39'),
(1996, 4, 17, '2021-01-17', '2021-01-15 15:34:39'),
(1997, 4, 14, '2021-01-16', '2021-01-15 15:34:39'),
(1998, 1, 17, '2021-01-19', '2021-01-15 15:34:39'),
(1999, 2, 8, '2021-01-22', '2021-01-15 15:34:39'),
(2000, 3, 14, '2021-01-15', '2021-01-15 15:34:39'),
(2001, 2, 19, '2021-01-24', '2021-01-15 15:34:39'),
(2002, 1, 12, '2021-01-16', '2021-01-15 15:34:39'),
(2003, 4, 8, '2021-01-14', '2021-01-15 15:34:39'),
(2004, 2, 8, '2021-01-20', '2021-01-15 15:34:39'),
(2005, 2, 18, '2021-01-29', '2021-01-15 15:34:39'),
(2006, 4, 6, '2021-01-28', '2021-01-15 15:34:39'),
(2007, 2, 16, '2021-01-19', '2021-01-15 15:34:39'),
(2008, 1, 17, '2021-01-28', '2021-01-15 15:34:39'),
(2009, 4, 7, '2021-01-28', '2021-01-15 15:34:39'),
(2010, 3, 8, '2021-01-15', '2021-01-15 15:34:39'),
(2011, 3, 11, '2021-01-20', '2021-01-15 15:34:39'),
(2012, 4, 3, '2021-01-25', '2021-01-15 15:34:39'),
(2013, 4, 14, '2021-01-27', '2021-01-15 15:34:39'),
(2014, 3, 12, '2021-01-30', '2021-01-15 15:34:39'),
(2015, 4, 3, '2021-01-28', '2021-01-15 15:34:39'),
(2016, 2, 12, '2021-01-16', '2021-01-15 15:34:39'),
(2017, 1, 1, '2021-01-13', '2021-01-15 15:34:39'),
(2018, 4, 15, '2021-01-18', '2021-01-15 15:34:39'),
(2019, 3, 17, '2021-01-16', '2021-01-15 15:34:39'),
(2020, 1, 6, '2021-01-30', '2021-01-15 15:34:39'),
(2021, 3, 19, '2021-01-18', '2021-01-15 15:34:39'),
(2022, 3, 20, '2021-01-24', '2021-01-15 15:34:39'),
(2023, 1, 16, '2021-01-16', '2021-01-15 15:34:39'),
(2024, 3, 4, '2021-01-29', '2021-01-15 15:34:39'),
(2025, 1, 2, '2021-01-20', '2021-01-15 15:34:39'),
(2026, 3, 15, '2021-01-29', '2021-01-15 15:34:39'),
(2027, 3, 1, '2021-01-20', '2021-01-15 15:34:39'),
(2028, 3, 3, '2021-01-21', '2021-01-15 15:34:39'),
(2029, 1, 6, '2021-01-28', '2021-01-15 15:34:39'),
(2030, 2, 7, '2021-01-29', '2021-01-15 15:34:39'),
(2031, 1, 17, '2021-01-14', '2021-01-15 15:34:39'),
(2032, 4, 20, '2021-01-25', '2021-01-15 15:34:39'),
(2033, 1, 4, '2021-01-20', '2021-01-15 15:34:39'),
(2034, 2, 20, '2021-01-28', '2021-01-15 15:34:39'),
(2035, 1, 5, '2021-01-18', '2021-01-15 15:34:39'),
(2036, 2, 6, '2021-01-14', '2021-01-15 15:34:39'),
(2037, 3, 5, '2021-01-24', '2021-01-15 15:34:39'),
(2038, 1, 1, '2021-01-16', '2021-01-15 15:34:39'),
(2039, 2, 14, '2021-01-14', '2021-01-15 15:34:39'),
(2040, 3, 12, '2021-01-13', '2021-01-15 15:34:39'),
(2041, 1, 13, '2021-01-15', '2021-01-15 15:34:39'),
(2042, 2, 5, '2021-01-14', '2021-01-15 15:34:39'),
(2043, 4, 15, '2021-01-18', '2021-01-15 15:34:39'),
(2044, 4, 18, '2021-01-26', '2021-01-15 15:34:39'),
(2045, 3, 6, '2021-01-18', '2021-01-15 15:34:39'),
(2046, 4, 1, '2021-01-13', '2021-01-15 15:34:39'),
(2047, 1, 8, '2021-01-17', '2021-01-15 15:34:39'),
(2048, 3, 17, '2021-01-21', '2021-01-15 15:34:39'),
(2049, 1, 19, '2021-01-21', '2021-01-15 15:34:39'),
(2050, 1, 10, '2021-01-17', '2021-01-15 15:34:39'),
(2051, 3, 7, '2021-01-16', '2021-01-15 15:34:39'),
(2052, 2, 5, '2021-01-28', '2021-01-15 15:34:39'),
(2053, 1, 6, '2021-01-16', '2021-01-15 15:34:39'),
(2054, 2, 14, '2021-01-23', '2021-01-15 15:34:39'),
(2055, 1, 1, '2021-01-23', '2021-01-15 15:34:39'),
(2056, 4, 19, '2021-01-30', '2021-01-15 15:34:39'),
(2057, 1, 17, '2021-01-14', '2021-01-15 15:34:39'),
(2058, 2, 18, '2021-01-22', '2021-01-15 15:34:39'),
(2059, 4, 8, '2021-01-19', '2021-01-15 15:34:39'),
(2060, 3, 20, '2021-01-28', '2021-01-15 15:34:39'),
(2061, 4, 18, '2021-01-13', '2021-01-15 15:34:39'),
(2062, 1, 4, '2021-01-15', '2021-01-15 15:34:39'),
(2063, 1, 8, '2021-01-20', '2021-01-15 15:34:39'),
(2064, 3, 18, '2021-01-14', '2021-01-15 15:34:39'),
(2065, 1, 10, '2021-01-30', '2021-01-15 15:34:39'),
(2066, 4, 2, '2021-01-29', '2021-01-15 15:34:39'),
(2067, 1, 7, '2021-01-18', '2021-01-15 15:34:39'),
(2068, 4, 17, '2021-01-23', '2021-01-15 15:34:39'),
(2069, 2, 18, '2021-01-23', '2021-01-15 15:34:39'),
(2070, 2, 7, '2021-01-27', '2021-01-15 15:34:39'),
(2071, 4, 19, '2021-01-13', '2021-01-15 15:34:39'),
(2072, 4, 20, '2021-01-27', '2021-01-15 15:34:39'),
(2073, 2, 6, '2021-01-14', '2021-01-15 15:34:39'),
(2074, 3, 14, '2021-01-20', '2021-01-15 15:34:39'),
(2075, 1, 1, '2021-01-28', '2021-01-15 15:34:39'),
(2076, 3, 2, '2021-01-23', '2021-01-15 15:34:39'),
(2077, 3, 6, '2021-01-24', '2021-01-15 15:34:39'),
(2078, 3, 3, '2021-01-13', '2021-01-15 15:34:39'),
(2079, 1, 11, '2021-01-26', '2021-01-15 15:34:39'),
(2080, 4, 17, '2021-01-20', '2021-01-15 15:34:39'),
(2081, 2, 19, '2021-01-13', '2021-01-15 15:34:39'),
(2082, 3, 19, '2021-01-29', '2021-01-15 15:34:39'),
(2083, 1, 2, '2021-01-27', '2021-01-15 15:34:39'),
(2084, 2, 12, '2021-01-21', '2021-01-15 15:34:39'),
(2085, 2, 13, '2021-01-23', '2021-01-15 15:34:39'),
(2086, 2, 14, '2021-01-15', '2021-01-15 15:34:39'),
(2087, 2, 14, '2021-01-17', '2021-01-15 15:34:39'),
(2088, 4, 9, '2021-01-28', '2021-01-15 15:34:39'),
(2089, 3, 3, '2021-01-23', '2021-01-15 15:34:39'),
(2090, 3, 3, '2021-01-16', '2021-01-15 15:34:39'),
(2091, 1, 11, '2021-01-20', '2021-01-15 15:34:39'),
(2092, 4, 9, '2021-01-26', '2021-01-15 15:34:39'),
(2093, 2, 4, '2021-01-13', '2021-01-15 15:34:39'),
(2094, 1, 16, '2021-01-20', '2021-01-15 15:34:39'),
(2095, 1, 17, '2021-01-27', '2021-01-15 15:34:39'),
(2096, 2, 4, '2021-01-25', '2021-01-15 15:34:39'),
(2097, 3, 11, '2021-01-26', '2021-01-15 15:34:39'),
(2098, 2, 3, '2021-01-17', '2021-01-15 15:34:39'),
(2099, 1, 16, '2021-01-29', '2021-01-15 15:34:39'),
(2100, 2, 10, '2021-01-22', '2021-01-15 15:34:39'),
(2101, 3, 20, '2021-01-13', '2021-01-15 15:34:39'),
(2102, 1, 9, '2021-01-20', '2021-01-15 15:34:39'),
(2103, 3, 20, '2021-01-24', '2021-01-15 15:34:39'),
(2104, 1, 15, '2021-01-24', '2021-01-15 15:34:39'),
(2105, 3, 14, '2021-01-17', '2021-01-15 15:34:39'),
(2106, 4, 1, '2021-01-16', '2021-01-15 15:34:39'),
(2107, 3, 6, '2021-01-30', '2021-01-15 15:34:39'),
(2108, 1, 3, '2021-01-14', '2021-01-15 15:34:39'),
(2109, 4, 11, '2021-01-29', '2021-01-15 15:34:39'),
(2110, 1, 2, '2021-01-20', '2021-01-15 15:34:39'),
(2111, 4, 1, '2021-01-21', '2021-01-15 15:34:39'),
(2112, 3, 15, '2021-01-29', '2021-01-15 15:34:39'),
(2113, 1, 10, '2021-01-23', '2021-01-15 15:34:39'),
(2114, 3, 2, '2021-01-26', '2021-01-15 15:34:39'),
(2115, 1, 19, '2021-01-28', '2021-01-15 15:34:39'),
(2116, 3, 10, '2021-01-14', '2021-01-15 15:34:39'),
(2117, 2, 5, '2021-01-25', '2021-01-15 15:34:39'),
(2118, 1, 15, '2021-01-21', '2021-01-15 15:34:39'),
(2119, 3, 14, '2021-01-30', '2021-01-15 15:34:39'),
(2120, 4, 12, '2021-01-25', '2021-01-15 15:34:39'),
(2121, 3, 1, '2021-01-24', '2021-01-15 15:34:39'),
(2122, 4, 17, '2021-01-30', '2021-01-15 15:34:39'),
(2123, 4, 5, '2021-01-18', '2021-01-15 15:34:39'),
(2124, 1, 12, '2021-01-15', '2021-01-15 15:34:39'),
(2125, 3, 20, '2021-01-13', '2021-01-15 15:34:39'),
(2126, 2, 12, '2021-01-14', '2021-01-15 15:34:39'),
(2127, 4, 7, '2021-01-18', '2021-01-15 15:34:39'),
(2128, 1, 3, '2021-01-13', '2021-01-15 15:34:39'),
(2129, 1, 11, '2021-01-28', '2021-01-15 15:34:39'),
(2130, 2, 6, '2021-01-23', '2021-01-15 15:34:39'),
(2131, 4, 16, '2021-01-16', '2021-01-15 15:34:39'),
(2132, 3, 16, '2021-01-26', '2021-01-15 15:34:39'),
(2133, 1, 13, '2021-01-22', '2021-01-15 15:34:39'),
(2134, 3, 3, '2021-01-29', '2021-01-15 15:34:39'),
(2135, 2, 2, '2021-01-30', '2021-01-15 15:34:39'),
(2136, 1, 14, '2021-01-20', '2021-01-15 15:34:39'),
(2137, 2, 17, '2021-01-30', '2021-01-15 15:34:39'),
(2138, 1, 20, '2021-01-21', '2021-01-15 15:34:39'),
(2139, 4, 11, '2021-01-25', '2021-01-15 15:34:39'),
(2140, 1, 15, '2021-01-29', '2021-01-15 15:34:39'),
(2141, 4, 17, '2021-01-23', '2021-01-15 15:34:39'),
(2142, 2, 11, '2021-01-23', '2021-01-15 15:34:39'),
(2143, 2, 16, '2021-01-24', '2021-01-15 15:34:39'),
(2144, 3, 20, '2021-01-23', '2021-01-15 15:34:39'),
(2145, 3, 2, '2021-01-22', '2021-01-15 15:34:39'),
(2146, 2, 20, '2021-01-26', '2021-01-15 15:34:39'),
(2147, 2, 11, '2021-01-17', '2021-01-15 15:34:39'),
(2148, 3, 15, '2021-01-13', '2021-01-15 15:34:39'),
(2149, 1, 17, '2021-01-13', '2021-01-15 15:34:39'),
(2150, 2, 4, '2021-01-26', '2021-01-15 15:34:39'),
(2151, 2, 19, '2021-01-16', '2021-01-15 15:34:39'),
(2152, 4, 9, '2021-01-20', '2021-01-15 15:34:39'),
(2153, 2, 16, '2021-01-13', '2021-01-15 15:34:39'),
(2154, 3, 18, '2021-01-27', '2021-01-15 15:34:39'),
(2155, 1, 8, '2021-01-13', '2021-01-15 15:34:39'),
(2156, 2, 15, '2021-01-15', '2021-01-15 15:34:39'),
(2157, 3, 1, '2021-01-20', '2021-01-15 15:34:39'),
(2158, 4, 15, '2021-01-24', '2021-01-15 15:34:39'),
(2159, 1, 8, '2021-01-18', '2021-01-15 15:34:39'),
(2160, 1, 5, '2021-01-13', '2021-01-15 15:34:39'),
(2161, 3, 2, '2021-01-29', '2021-01-15 15:34:39'),
(2162, 2, 4, '2021-01-23', '2021-01-15 15:34:39'),
(2163, 1, 8, '2021-01-19', '2021-01-15 15:34:39'),
(2164, 1, 8, '2021-01-16', '2021-01-15 15:34:39'),
(2165, 3, 20, '2021-01-30', '2021-01-15 15:34:39'),
(2166, 3, 5, '2021-01-16', '2021-01-15 15:34:39'),
(2167, 4, 7, '2021-01-24', '2021-01-15 15:34:39'),
(2168, 3, 2, '2021-01-13', '2021-01-15 15:34:39'),
(2169, 1, 16, '2021-01-28', '2021-01-15 15:34:39'),
(2170, 1, 15, '2021-01-14', '2021-01-15 15:34:39'),
(2171, 3, 1, '2021-01-30', '2021-01-15 15:34:39'),
(2172, 1, 10, '2021-01-16', '2021-01-15 15:34:39'),
(2173, 1, 14, '2021-01-29', '2021-01-15 15:34:39'),
(2174, 2, 14, '2021-01-14', '2021-01-15 15:34:39'),
(2175, 3, 13, '2021-01-21', '2021-01-15 15:34:39'),
(2176, 4, 3, '2021-01-23', '2021-01-15 15:34:39'),
(2177, 4, 16, '2021-01-17', '2021-01-15 15:34:39'),
(2178, 3, 15, '2021-01-19', '2021-01-15 15:34:39'),
(2179, 1, 2, '2021-01-28', '2021-01-15 15:34:39'),
(2180, 1, 15, '2021-01-30', '2021-01-15 15:34:39'),
(2181, 1, 2, '2021-01-25', '2021-01-15 15:34:39'),
(2182, 2, 20, '2021-01-27', '2021-01-15 15:34:39'),
(2183, 2, 13, '2021-01-24', '2021-01-15 15:34:39'),
(2184, 3, 13, '2021-01-29', '2021-01-15 15:34:39'),
(2185, 2, 8, '2021-01-28', '2021-01-15 15:34:39'),
(2186, 3, 1, '2021-01-20', '2021-01-15 15:34:39'),
(2187, 1, 15, '2021-01-29', '2021-01-15 15:34:39'),
(2188, 3, 7, '2021-01-17', '2021-01-15 15:34:39'),
(2189, 4, 10, '2021-01-19', '2021-01-15 15:34:39'),
(2190, 1, 15, '2021-01-28', '2021-01-15 15:34:39'),
(2191, 2, 14, '2021-01-18', '2021-01-15 15:34:39'),
(2192, 3, 2, '2021-01-19', '2021-01-15 15:34:39'),
(2193, 3, 5, '2021-01-29', '2021-01-15 15:34:39'),
(2194, 1, 16, '2021-01-14', '2021-01-15 15:34:39'),
(2195, 2, 6, '2021-01-27', '2021-01-15 15:34:39'),
(2196, 3, 7, '2021-01-13', '2021-01-15 15:34:39'),
(2197, 2, 17, '2021-01-27', '2021-01-15 15:34:39'),
(2198, 2, 17, '2021-01-29', '2021-01-15 15:34:39'),
(2199, 1, 9, '2021-01-19', '2021-01-15 15:34:39'),
(2200, 3, 5, '2021-01-29', '2021-01-15 15:34:39'),
(2201, 1, 13, '2021-01-29', '2021-01-15 15:34:39');
INSERT INTO `tranzactii` (`id`, `transport_id`, `box_id`, `created_at`, `timestamp`) VALUES
(2202, 2, 9, '2021-01-18', '2021-01-15 15:34:39'),
(2203, 3, 2, '2021-01-22', '2021-01-15 15:34:39'),
(2204, 4, 1, '2021-01-15', '2021-01-15 15:34:39'),
(2205, 4, 13, '2021-01-28', '2021-01-15 15:34:39'),
(2206, 4, 17, '2021-01-24', '2021-01-15 15:34:39'),
(2207, 1, 2, '2021-01-25', '2021-01-15 15:34:39'),
(2208, 3, 3, '2021-01-28', '2021-01-15 15:34:39'),
(2209, 3, 14, '2021-01-30', '2021-01-15 15:34:39'),
(2210, 4, 20, '2021-01-29', '2021-01-15 15:34:39'),
(2211, 3, 2, '2021-01-15', '2021-01-15 15:34:39'),
(2212, 2, 14, '2021-01-13', '2021-01-15 15:34:39'),
(2213, 4, 18, '2021-01-28', '2021-01-15 15:34:39'),
(2214, 4, 12, '2021-01-29', '2021-01-15 15:34:39'),
(2215, 4, 17, '2021-01-27', '2021-01-15 15:34:39'),
(2216, 2, 19, '2021-01-27', '2021-01-15 15:34:39'),
(2217, 4, 17, '2021-01-16', '2021-01-15 15:34:39'),
(2218, 1, 7, '2021-01-26', '2021-01-15 15:34:39'),
(2219, 3, 9, '2021-01-24', '2021-01-15 15:34:39'),
(2220, 4, 9, '2021-01-16', '2021-01-15 15:34:39'),
(2221, 1, 6, '2021-01-26', '2021-01-15 15:34:39'),
(2222, 2, 9, '2021-01-28', '2021-01-15 15:34:39'),
(2223, 2, 3, '2021-01-29', '2021-01-15 15:34:39'),
(2224, 2, 15, '2021-01-22', '2021-01-15 15:34:39'),
(2225, 3, 6, '2021-01-18', '2021-01-15 15:34:39'),
(2226, 3, 6, '2021-01-13', '2021-01-15 15:34:39'),
(2227, 3, 3, '2021-01-20', '2021-01-15 15:34:39'),
(2228, 2, 13, '2021-01-29', '2021-01-15 15:34:39'),
(2229, 2, 17, '2021-01-22', '2021-01-15 15:34:39'),
(2230, 4, 5, '2021-01-22', '2021-01-15 15:34:39'),
(2231, 3, 3, '2021-01-21', '2021-01-15 15:34:39'),
(2232, 4, 3, '2021-01-14', '2021-01-15 15:34:39'),
(2233, 4, 13, '2021-01-19', '2021-01-15 15:34:39'),
(2234, 1, 6, '2021-01-18', '2021-01-15 15:34:39'),
(2235, 2, 3, '2021-01-18', '2021-01-15 15:34:39'),
(2236, 2, 4, '2021-01-19', '2021-01-15 15:34:39'),
(2237, 2, 1, '2021-01-15', '2021-01-15 15:34:39'),
(2238, 3, 15, '2021-01-19', '2021-01-15 15:34:39'),
(2239, 1, 13, '2021-01-16', '2021-01-15 15:34:39'),
(2240, 3, 6, '2021-01-28', '2021-01-15 15:34:39'),
(2241, 3, 5, '2021-01-17', '2021-01-15 15:34:39'),
(2242, 1, 1, '2021-01-25', '2021-01-15 15:34:39'),
(2243, 3, 2, '2021-01-28', '2021-01-15 15:34:39'),
(2244, 3, 17, '2021-01-24', '2021-01-15 15:34:39'),
(2245, 2, 10, '2021-01-30', '2021-01-15 15:34:39'),
(2246, 4, 13, '2021-01-16', '2021-01-15 15:34:39'),
(2247, 4, 11, '2021-01-15', '2021-01-15 15:34:39'),
(2248, 3, 15, '2021-01-17', '2021-01-15 15:34:39'),
(2249, 2, 12, '2021-01-26', '2021-01-15 15:34:39'),
(2250, 3, 11, '2021-01-15', '2021-01-15 15:34:39'),
(2251, 4, 14, '2021-01-23', '2021-01-15 15:34:39'),
(2252, 3, 19, '2021-01-30', '2021-01-15 15:34:39'),
(2253, 4, 8, '2021-01-19', '2021-01-15 15:34:39'),
(2254, 4, 6, '2021-01-15', '2021-01-15 15:34:39'),
(2255, 3, 10, '2021-01-20', '2021-01-15 15:34:39'),
(2256, 4, 14, '2021-01-27', '2021-01-15 15:34:39'),
(2257, 4, 9, '2021-01-21', '2021-01-15 15:34:39'),
(2258, 4, 3, '2021-01-13', '2021-01-15 15:34:39'),
(2259, 2, 2, '2021-01-21', '2021-01-15 15:34:39'),
(2260, 3, 5, '2021-01-16', '2021-01-15 15:34:39'),
(2261, 3, 4, '2021-01-29', '2021-01-15 15:34:39'),
(2262, 1, 17, '2021-01-22', '2021-01-15 15:34:39'),
(2263, 3, 10, '2021-01-19', '2021-01-15 15:34:39'),
(2264, 3, 16, '2021-01-28', '2021-01-15 15:34:39'),
(2265, 4, 7, '2021-01-21', '2021-01-15 15:34:39'),
(2266, 3, 11, '2021-01-14', '2021-01-15 15:34:39'),
(2267, 2, 2, '2021-01-15', '2021-01-15 15:34:39'),
(2268, 2, 15, '2021-01-29', '2021-01-15 15:34:39'),
(2269, 3, 2, '2021-01-20', '2021-01-15 15:34:39'),
(2270, 2, 4, '2021-01-24', '2021-01-15 15:34:39'),
(2271, 4, 12, '2021-01-17', '2021-01-15 15:34:39'),
(2272, 4, 4, '2021-01-15', '2021-01-15 15:34:39'),
(2273, 4, 2, '2021-01-27', '2021-01-15 15:34:39'),
(2274, 2, 19, '2021-01-22', '2021-01-15 15:34:39'),
(2275, 3, 2, '2021-01-13', '2021-01-15 15:34:39'),
(2276, 3, 15, '2021-01-18', '2021-01-15 15:34:39'),
(2277, 2, 9, '2021-01-20', '2021-01-15 15:34:39'),
(2278, 3, 7, '2021-01-25', '2021-01-15 15:34:39'),
(2279, 1, 2, '2021-01-13', '2021-01-15 15:34:39'),
(2280, 4, 6, '2021-01-29', '2021-01-15 15:34:39'),
(2281, 1, 13, '2021-01-15', '2021-01-15 15:34:39'),
(2282, 4, 18, '2021-01-26', '2021-01-15 15:34:39'),
(2283, 2, 2, '2021-01-17', '2021-01-15 15:34:39'),
(2284, 4, 4, '2021-01-23', '2021-01-15 15:34:39'),
(2285, 2, 9, '2021-01-29', '2021-01-15 15:34:39'),
(2286, 2, 12, '2021-01-24', '2021-01-15 15:34:39'),
(2287, 2, 12, '2021-01-20', '2021-01-15 15:34:39'),
(2288, 3, 18, '2021-01-24', '2021-01-15 15:34:39'),
(2289, 4, 17, '2021-01-19', '2021-01-15 15:34:39'),
(2290, 1, 13, '2021-01-30', '2021-01-15 15:34:39'),
(2291, 2, 8, '2021-01-25', '2021-01-15 15:34:39'),
(2292, 2, 17, '2021-01-17', '2021-01-15 15:34:39'),
(2293, 1, 4, '2021-01-22', '2021-01-15 15:34:39'),
(2294, 3, 17, '2021-01-27', '2021-01-15 15:34:39'),
(2295, 2, 7, '2021-01-16', '2021-01-15 15:34:39'),
(2296, 3, 16, '2021-01-23', '2021-01-15 15:34:39'),
(2297, 3, 7, '2021-01-17', '2021-01-15 15:34:39'),
(2298, 4, 17, '2021-01-23', '2021-01-15 15:34:39'),
(2299, 4, 5, '2021-01-16', '2021-01-15 15:34:39'),
(2300, 2, 20, '2021-01-30', '2021-01-15 15:34:39'),
(2301, 4, 15, '2021-01-23', '2021-01-15 15:34:39'),
(2302, 4, 15, '2021-01-30', '2021-01-15 15:34:39'),
(2303, 1, 18, '2021-01-25', '2021-01-15 15:34:39'),
(2304, 2, 17, '2021-01-14', '2021-01-15 15:34:39'),
(2305, 1, 20, '2021-01-26', '2021-01-15 15:34:39'),
(2306, 4, 14, '2021-01-18', '2021-01-15 15:34:39'),
(2307, 3, 5, '2021-01-21', '2021-01-15 15:34:39'),
(2308, 4, 14, '2021-01-26', '2021-01-15 15:34:39'),
(2309, 4, 9, '2021-01-18', '2021-01-15 15:34:39'),
(2310, 2, 16, '2021-01-29', '2021-01-15 15:34:39'),
(2311, 1, 10, '2021-01-20', '2021-01-15 15:34:39'),
(2312, 4, 10, '2021-01-25', '2021-01-15 15:34:39'),
(2313, 1, 12, '2021-01-26', '2021-01-15 15:34:39'),
(2314, 1, 18, '2021-01-21', '2021-01-15 15:34:39'),
(2315, 1, 11, '2021-01-30', '2021-01-15 15:34:39'),
(2316, 2, 7, '2021-01-26', '2021-01-15 15:34:39'),
(2317, 2, 10, '2021-01-29', '2021-01-15 15:34:39'),
(2318, 2, 3, '2021-01-16', '2021-01-15 15:34:39'),
(2319, 3, 12, '2021-01-19', '2021-01-15 15:34:39'),
(2320, 1, 6, '2021-01-16', '2021-01-15 15:34:39'),
(2321, 2, 4, '2021-01-21', '2021-01-15 15:34:39'),
(2322, 4, 1, '2021-01-13', '2021-01-15 15:34:39'),
(2323, 4, 18, '2021-01-26', '2021-01-15 15:34:39'),
(2324, 1, 8, '2021-01-21', '2021-01-15 15:34:39'),
(2325, 4, 17, '2021-01-26', '2021-01-15 15:34:39'),
(2326, 4, 11, '2021-01-19', '2021-01-15 15:34:39'),
(2327, 4, 10, '2021-01-18', '2021-01-15 15:34:39'),
(2328, 2, 17, '2021-01-14', '2021-01-15 15:34:39'),
(2329, 1, 16, '2021-01-19', '2021-01-15 15:34:39'),
(2330, 1, 1, '2021-01-19', '2021-01-15 15:34:39'),
(2331, 3, 18, '2021-01-23', '2021-01-15 15:34:39'),
(2332, 1, 17, '2021-01-21', '2021-01-15 15:34:39'),
(2333, 2, 2, '2021-01-20', '2021-01-15 15:34:39'),
(2334, 3, 9, '2021-01-28', '2021-01-15 15:34:39'),
(2335, 4, 14, '2021-01-27', '2021-01-15 15:34:39'),
(2336, 4, 5, '2021-01-24', '2021-01-15 15:34:39'),
(2337, 3, 18, '2021-01-22', '2021-01-15 15:34:39'),
(2338, 2, 5, '2021-01-22', '2021-01-15 15:34:39'),
(2339, 3, 17, '2021-01-25', '2021-01-15 15:34:39'),
(2340, 2, 1, '2021-01-28', '2021-01-15 15:34:39'),
(2341, 2, 14, '2021-01-26', '2021-01-15 15:34:39'),
(2342, 1, 18, '2021-01-24', '2021-01-15 15:34:39'),
(2343, 1, 20, '2021-01-16', '2021-01-15 15:34:39'),
(2344, 2, 7, '2021-01-13', '2021-01-15 15:34:39'),
(2345, 4, 13, '2021-01-29', '2021-01-15 15:34:39'),
(2346, 1, 12, '2021-01-19', '2021-01-15 15:34:39'),
(2347, 3, 13, '2021-01-15', '2021-01-15 15:34:39'),
(2348, 4, 1, '2021-01-23', '2021-01-15 15:34:39'),
(2349, 1, 5, '2021-01-26', '2021-01-15 15:34:39'),
(2350, 4, 20, '2021-01-22', '2021-01-15 15:34:39'),
(2351, 4, 11, '2021-01-17', '2021-01-15 15:34:39'),
(2352, 4, 6, '2021-01-21', '2021-01-15 15:34:39'),
(2353, 3, 18, '2021-01-30', '2021-01-15 15:34:39'),
(2354, 1, 8, '2021-01-25', '2021-01-15 15:34:39'),
(2355, 2, 3, '2021-01-14', '2021-01-15 15:34:39'),
(2356, 2, 11, '2021-01-28', '2021-01-15 15:34:39'),
(2357, 3, 15, '2021-01-29', '2021-01-15 15:34:39'),
(2358, 3, 18, '2021-01-13', '2021-01-15 15:34:39'),
(2359, 4, 2, '2021-01-25', '2021-01-15 15:34:39'),
(2360, 2, 20, '2021-01-18', '2021-01-15 15:34:39'),
(2361, 4, 13, '2021-01-14', '2021-01-15 15:34:39'),
(2362, 3, 16, '2021-01-14', '2021-01-15 15:34:39'),
(2363, 4, 5, '2021-01-25', '2021-01-15 15:34:39'),
(2364, 1, 1, '2021-01-17', '2021-01-15 15:34:39'),
(2365, 1, 6, '2021-01-15', '2021-01-15 15:34:39'),
(2366, 1, 8, '2021-01-27', '2021-01-15 15:34:39'),
(2367, 2, 12, '2021-01-19', '2021-01-15 15:34:39'),
(2368, 4, 9, '2021-01-21', '2021-01-15 15:34:39'),
(2369, 2, 1, '2021-01-23', '2021-01-15 15:34:39'),
(2370, 4, 6, '2021-01-24', '2021-01-15 15:34:39'),
(2371, 2, 16, '2021-01-28', '2021-01-15 15:34:39'),
(2372, 4, 13, '2021-01-14', '2021-01-15 15:34:39'),
(2373, 3, 16, '2021-01-29', '2021-01-15 15:34:39'),
(2374, 2, 14, '2021-01-19', '2021-01-15 15:34:39'),
(2375, 3, 7, '2021-01-16', '2021-01-15 15:34:39'),
(2376, 3, 13, '2021-01-23', '2021-01-15 15:34:39'),
(2377, 4, 5, '2021-01-30', '2021-01-15 15:34:39'),
(2378, 1, 15, '2021-01-27', '2021-01-15 15:34:39'),
(2379, 3, 9, '2021-01-30', '2021-01-15 15:34:39'),
(2380, 1, 5, '2021-01-25', '2021-01-15 15:34:39'),
(2381, 1, 18, '2021-01-14', '2021-01-15 15:34:39'),
(2382, 1, 19, '2021-01-30', '2021-01-15 15:34:39'),
(2383, 2, 3, '2021-01-21', '2021-01-15 15:34:39'),
(2384, 3, 14, '2021-01-15', '2021-01-15 15:34:39'),
(2385, 1, 10, '2021-01-20', '2021-01-15 15:34:39'),
(2386, 2, 13, '2021-01-15', '2021-01-15 15:34:39'),
(2387, 3, 16, '2021-01-28', '2021-01-15 15:34:39'),
(2388, 3, 13, '2021-01-27', '2021-01-15 15:34:39'),
(2389, 1, 3, '2021-01-26', '2021-01-15 15:34:39'),
(2390, 4, 9, '2021-01-14', '2021-01-15 15:34:39'),
(2391, 3, 4, '2021-01-29', '2021-01-15 15:34:39'),
(2392, 4, 20, '2021-01-23', '2021-01-15 15:34:39'),
(2393, 2, 4, '2021-01-21', '2021-01-15 15:34:39'),
(2394, 1, 9, '2021-01-30', '2021-01-15 15:34:39'),
(2395, 3, 13, '2021-01-19', '2021-01-15 15:34:39'),
(2396, 4, 18, '2021-01-25', '2021-01-15 15:34:39'),
(2397, 4, 3, '2021-01-24', '2021-01-15 15:34:39'),
(2398, 2, 12, '2021-01-28', '2021-01-15 15:34:39'),
(2399, 3, 17, '2021-01-21', '2021-01-15 15:34:39'),
(2400, 2, 8, '2021-01-24', '2021-01-15 15:34:39'),
(2401, 4, 8, '2021-01-14', '2021-01-15 15:34:39'),
(2402, 4, 4, '2021-01-14', '2021-01-15 15:34:39'),
(2403, 3, 3, '2021-01-29', '2021-01-15 15:34:39'),
(2404, 1, 16, '2021-01-19', '2021-01-15 15:34:39'),
(2405, 4, 2, '2021-01-18', '2021-01-15 15:34:39'),
(2406, 3, 5, '2021-01-21', '2021-01-15 15:34:39'),
(2407, 3, 16, '2021-01-18', '2021-01-15 15:34:39'),
(2408, 4, 9, '2021-01-25', '2021-01-15 15:34:39'),
(2409, 3, 10, '2021-01-28', '2021-01-15 15:34:39'),
(2410, 2, 11, '2021-01-23', '2021-01-15 15:34:39'),
(2411, 2, 15, '2021-01-26', '2021-01-15 15:34:39'),
(2412, 4, 1, '2021-01-29', '2021-01-15 15:34:39'),
(2413, 4, 20, '2021-01-27', '2021-01-15 15:34:39'),
(2414, 2, 17, '2021-01-21', '2021-01-15 15:34:39'),
(2415, 1, 6, '2021-01-30', '2021-01-15 15:34:39'),
(2416, 4, 9, '2021-01-24', '2021-01-15 15:34:39'),
(2417, 2, 3, '2021-01-20', '2021-01-15 15:34:39'),
(2418, 3, 12, '2021-01-18', '2021-01-15 15:34:39'),
(2419, 3, 10, '2021-01-13', '2021-01-15 15:34:39'),
(2420, 2, 6, '2021-01-28', '2021-01-15 15:34:39'),
(2421, 4, 4, '2021-01-28', '2021-01-15 15:34:39'),
(2422, 4, 11, '2021-01-14', '2021-01-15 15:34:39'),
(2423, 2, 3, '2021-01-26', '2021-01-15 15:34:39'),
(2424, 1, 10, '2021-01-13', '2021-01-15 15:34:39'),
(2425, 2, 19, '2021-01-24', '2021-01-15 15:34:39'),
(2426, 3, 15, '2021-01-26', '2021-01-15 15:34:39'),
(2427, 3, 20, '2021-01-28', '2021-01-15 15:34:39'),
(2428, 4, 3, '2021-01-18', '2021-01-15 15:34:39'),
(2429, 2, 11, '2021-01-28', '2021-01-15 15:34:39'),
(2430, 4, 3, '2021-01-26', '2021-01-15 15:34:39'),
(2431, 1, 8, '2021-01-15', '2021-01-15 15:34:39'),
(2432, 4, 13, '2021-01-23', '2021-01-15 15:34:39'),
(2433, 1, 10, '2021-01-26', '2021-01-15 15:34:39'),
(2434, 2, 1, '2021-01-18', '2021-01-15 15:34:39'),
(2435, 3, 15, '2021-01-18', '2021-01-15 15:34:39'),
(2436, 2, 9, '2021-01-20', '2021-01-15 15:34:39'),
(2437, 4, 7, '2021-01-30', '2021-01-15 15:34:39'),
(2438, 4, 12, '2021-01-23', '2021-01-15 15:34:39'),
(2439, 4, 3, '2021-01-30', '2021-01-15 15:34:39'),
(2440, 2, 1, '2021-01-22', '2021-01-15 15:34:39'),
(2441, 2, 9, '2021-01-27', '2021-01-15 15:34:39'),
(2442, 4, 13, '2021-01-28', '2021-01-15 15:34:39'),
(2443, 2, 1, '2021-01-24', '2021-01-15 15:34:39'),
(2444, 4, 18, '2021-01-13', '2021-01-15 15:34:39'),
(2445, 3, 10, '2021-01-26', '2021-01-15 15:34:39'),
(2446, 3, 18, '2021-01-15', '2021-01-15 15:34:39'),
(2447, 4, 5, '2021-01-25', '2021-01-15 15:34:39'),
(2448, 2, 10, '2021-01-19', '2021-01-15 15:34:39'),
(2449, 1, 6, '2021-01-13', '2021-01-15 15:34:39'),
(2450, 1, 17, '2021-01-27', '2021-01-15 15:34:39'),
(2451, 2, 1, '2021-01-25', '2021-01-15 15:34:39'),
(2452, 4, 8, '2021-01-30', '2021-01-15 15:34:39'),
(2453, 2, 11, '2021-01-15', '2021-01-15 15:34:39'),
(2454, 1, 13, '2021-01-27', '2021-01-15 15:34:39'),
(2455, 4, 4, '2021-01-15', '2021-01-15 15:34:39'),
(2456, 1, 17, '2021-01-16', '2021-01-15 15:34:39'),
(2457, 1, 19, '2021-01-17', '2021-01-15 15:34:39'),
(2458, 2, 13, '2021-01-26', '2021-01-15 15:34:39'),
(2459, 1, 8, '2021-01-13', '2021-01-15 15:34:39'),
(2460, 4, 1, '2021-01-16', '2021-01-15 15:34:39'),
(2461, 2, 13, '2021-01-21', '2021-01-15 15:34:39'),
(2462, 1, 10, '2021-01-15', '2021-01-15 15:34:39'),
(2463, 3, 3, '2021-01-25', '2021-01-15 15:34:39'),
(2464, 1, 2, '2021-01-15', '2021-01-15 15:34:39'),
(2465, 2, 16, '2021-01-16', '2021-01-15 15:34:39'),
(2466, 1, 6, '2021-01-26', '2021-01-15 15:34:39'),
(2790, 1, 11, '2021-01-25', '2021-01-15 15:34:39'),
(2791, 1, 18, '2021-01-23', '2021-01-15 15:34:39'),
(2792, 2, 3, '2021-01-14', '2021-01-15 15:34:39'),
(2793, 3, 6, '2021-01-28', '2021-01-15 15:34:39'),
(2794, 4, 7, '2021-01-14', '2021-01-15 15:34:39'),
(2795, 1, 15, '2021-01-29', '2021-01-15 15:34:39'),
(2796, 3, 15, '2021-01-19', '2021-01-15 15:34:39'),
(2797, 2, 9, '2021-01-25', '2021-01-15 15:34:39'),
(2798, 1, 1, '2021-01-29', '2021-01-15 15:34:39'),
(2799, 1, 19, '2021-01-18', '2021-01-15 15:34:39'),
(2800, 4, 11, '2021-01-28', '2021-01-15 15:34:39'),
(2801, 1, 20, '2021-01-22', '2021-01-15 15:34:39'),
(2802, 3, 18, '2021-01-13', '2021-01-15 15:34:39'),
(2803, 2, 6, '2021-01-20', '2021-01-15 15:34:39'),
(2804, 1, 4, '2021-01-24', '2021-01-15 15:34:39'),
(2805, 2, 20, '2021-01-29', '2021-01-15 15:34:39'),
(2806, 1, 11, '2021-01-23', '2021-01-15 15:34:39'),
(2807, 4, 12, '2021-01-14', '2021-01-15 15:34:39'),
(2808, 2, 12, '2021-01-19', '2021-01-15 15:34:39'),
(2809, 4, 6, '2021-01-18', '2021-01-15 15:34:39'),
(2810, 4, 10, '2021-01-21', '2021-01-15 15:34:39'),
(2811, 4, 6, '2021-01-14', '2021-01-15 15:34:39'),
(2812, 3, 8, '2021-01-17', '2021-01-15 15:34:39'),
(2813, 2, 11, '2021-01-27', '2021-01-15 15:34:39'),
(2814, 1, 1, '2021-01-18', '2021-01-15 15:34:39'),
(2815, 3, 12, '2021-01-13', '2021-01-15 15:34:39'),
(2816, 1, 14, '2021-01-14', '2021-01-15 15:34:39'),
(2817, 1, 15, '2021-01-23', '2021-01-15 15:34:39'),
(2818, 3, 9, '2021-01-24', '2021-01-15 15:34:39'),
(2819, 2, 16, '2021-01-21', '2021-01-15 15:34:39'),
(2820, 4, 1, '2021-01-20', '2021-01-15 15:34:39'),
(2821, 4, 9, '2021-01-21', '2021-01-15 15:34:39'),
(2822, 3, 10, '2021-01-19', '2021-01-15 15:34:39'),
(2823, 3, 12, '2021-01-20', '2021-01-15 15:34:39'),
(2824, 3, 12, '2021-01-22', '2021-01-15 15:34:39'),
(2825, 1, 3, '2021-01-15', '2021-01-15 15:34:39'),
(2826, 2, 4, '2021-01-26', '2021-01-15 15:34:39'),
(2827, 2, 19, '2021-01-28', '2021-01-15 15:34:39'),
(2828, 2, 17, '2021-01-22', '2021-01-15 15:34:39'),
(2829, 3, 18, '2021-01-26', '2021-01-15 15:34:39'),
(2830, 3, 3, '2021-01-21', '2021-01-15 15:34:39'),
(2831, 3, 2, '2021-01-24', '2021-01-15 15:34:39'),
(2832, 3, 12, '2021-01-20', '2021-01-15 15:34:39'),
(2833, 4, 17, '2021-01-27', '2021-01-15 15:34:39'),
(2834, 4, 19, '2021-01-30', '2021-01-15 15:34:39'),
(2835, 3, 14, '2021-01-25', '2021-01-15 15:34:39'),
(2836, 1, 4, '2021-01-28', '2021-01-15 15:34:39'),
(2837, 4, 12, '2021-01-19', '2021-01-15 15:34:39'),
(2838, 3, 11, '2021-01-16', '2021-01-15 15:34:39'),
(2839, 4, 20, '2021-01-25', '2021-01-15 15:34:39'),
(2840, 3, 16, '2021-01-24', '2021-01-15 15:34:39'),
(2841, 2, 3, '2021-01-25', '2021-01-15 15:34:39'),
(2842, 3, 16, '2021-01-27', '2021-01-15 15:34:39'),
(2843, 3, 19, '2021-01-13', '2021-01-15 15:34:39'),
(2844, 1, 9, '2021-01-21', '2021-01-15 15:34:39'),
(2845, 4, 15, '2021-01-22', '2021-01-15 15:34:39'),
(2846, 2, 13, '2021-01-18', '2021-01-15 15:34:39'),
(2847, 3, 7, '2021-01-27', '2021-01-15 15:34:39'),
(2848, 1, 5, '2021-01-16', '2021-01-15 15:34:39'),
(2849, 2, 20, '2021-01-19', '2021-01-15 15:34:39'),
(2850, 2, 2, '2021-01-16', '2021-01-15 15:34:39'),
(2851, 1, 1, '2021-01-27', '2021-01-15 15:34:39'),
(2852, 4, 11, '2021-01-15', '2021-01-15 15:34:39'),
(2853, 2, 8, '2021-01-20', '2021-01-15 15:34:39'),
(2854, 4, 11, '2021-01-25', '2021-01-15 15:34:39'),
(2855, 4, 19, '2021-01-24', '2021-01-15 15:34:39'),
(2856, 2, 12, '2021-01-16', '2021-01-15 15:34:39'),
(2857, 1, 12, '2021-01-19', '2021-01-15 15:34:39'),
(2858, 2, 17, '2021-01-16', '2021-01-15 15:34:39'),
(2859, 1, 15, '2021-01-21', '2021-01-15 15:34:39'),
(2860, 3, 17, '2021-01-19', '2021-01-15 15:34:39'),
(2861, 2, 15, '2021-01-17', '2021-01-15 15:34:39'),
(2862, 1, 9, '2021-01-23', '2021-01-15 15:34:39'),
(2863, 3, 14, '2021-01-13', '2021-01-15 15:34:39'),
(2864, 1, 8, '2021-01-30', '2021-01-15 15:34:39'),
(2865, 4, 7, '2021-01-13', '2021-01-15 15:34:39'),
(2866, 3, 4, '2021-01-17', '2021-01-15 15:34:39'),
(2867, 1, 18, '2021-01-18', '2021-01-15 15:34:39'),
(2868, 4, 16, '2021-01-24', '2021-01-15 15:34:39'),
(2869, 2, 9, '2021-01-14', '2021-01-15 15:34:39'),
(2870, 2, 16, '2021-01-26', '2021-01-15 15:34:39'),
(2871, 2, 1, '2021-01-14', '2021-01-15 15:34:39'),
(2872, 1, 10, '2021-01-18', '2021-01-15 15:34:39'),
(2873, 1, 1, '2021-01-24', '2021-01-15 15:34:39'),
(2874, 3, 8, '2021-01-16', '2021-01-15 15:34:39'),
(2875, 1, 13, '2021-01-28', '2021-01-15 15:34:39'),
(2876, 4, 8, '2021-01-29', '2021-01-15 15:34:39'),
(2877, 1, 16, '2021-01-30', '2021-01-15 15:34:39'),
(2878, 4, 19, '2021-01-27', '2021-01-15 15:34:39'),
(2879, 4, 13, '2021-01-23', '2021-01-15 15:34:39'),
(2880, 1, 19, '2021-01-13', '2021-01-15 15:34:39'),
(2881, 2, 17, '2021-01-23', '2021-01-15 15:34:39'),
(2882, 3, 9, '2021-01-15', '2021-01-15 15:34:39'),
(2883, 2, 11, '2021-01-14', '2021-01-15 15:34:39'),
(2884, 4, 1, '2021-01-14', '2021-01-15 15:34:39'),
(2885, 3, 3, '2021-01-14', '2021-01-15 15:34:39'),
(2886, 3, 5, '2021-01-25', '2021-01-15 15:34:39'),
(2887, 3, 19, '2021-01-23', '2021-01-15 15:34:39'),
(2888, 3, 17, '2021-01-21', '2021-01-15 15:34:39'),
(2889, 2, 19, '2021-01-23', '2021-01-15 15:34:39'),
(2890, 3, 8, '2021-01-29', '2021-01-15 15:34:39'),
(2891, 2, 6, '2021-01-15', '2021-01-15 15:34:39'),
(2892, 1, 20, '2021-01-21', '2021-01-15 15:34:39'),
(2893, 4, 15, '2021-01-17', '2021-01-15 15:34:39'),
(2894, 1, 2, '2021-01-27', '2021-01-15 15:34:39'),
(2895, 3, 5, '2021-01-14', '2021-01-15 15:34:39'),
(2896, 3, 15, '2021-01-13', '2021-01-15 15:34:39'),
(2897, 4, 18, '2021-01-19', '2021-01-15 15:34:39'),
(2898, 4, 16, '2021-01-28', '2021-01-15 15:34:39'),
(2899, 1, 18, '2021-01-16', '2021-01-15 15:34:39'),
(2900, 1, 14, '2021-01-17', '2021-01-15 15:34:39'),
(2901, 4, 9, '2021-01-19', '2021-01-15 15:34:39'),
(2902, 3, 10, '2021-01-30', '2021-01-15 15:34:39'),
(2903, 4, 17, '2021-01-28', '2021-01-15 15:34:39'),
(2904, 1, 17, '2021-01-15', '2021-01-15 15:34:39'),
(2905, 1, 4, '2021-01-23', '2021-01-15 15:34:39'),
(2906, 3, 11, '2021-01-18', '2021-01-15 15:34:39'),
(2907, 3, 2, '2021-01-26', '2021-01-15 15:34:39'),
(2908, 1, 16, '2021-01-26', '2021-01-15 15:34:39'),
(2909, 1, 18, '2021-01-18', '2021-01-15 15:34:39'),
(2910, 3, 18, '2021-01-18', '2021-01-15 15:34:39'),
(2911, 1, 9, '2021-01-16', '2021-01-15 15:34:39'),
(2912, 1, 7, '2021-01-19', '2021-01-15 15:34:39'),
(2913, 2, 5, '2021-01-25', '2021-01-15 15:34:39'),
(2914, 1, 14, '2021-01-19', '2021-01-15 15:34:39'),
(2915, 3, 1, '2021-01-17', '2021-01-15 15:34:39'),
(2916, 3, 9, '2021-01-27', '2021-01-15 15:34:39'),
(2917, 1, 1, '2021-01-22', '2021-01-15 15:34:39'),
(2918, 4, 9, '2021-01-24', '2021-01-15 15:34:39'),
(2919, 3, 18, '2021-01-27', '2021-01-15 15:34:39'),
(2920, 3, 11, '2021-01-30', '2021-01-15 15:34:39'),
(2921, 4, 8, '2021-01-20', '2021-01-15 15:34:39'),
(2922, 1, 1, '2021-01-20', '2021-01-15 15:34:39'),
(2923, 3, 16, '2021-01-13', '2021-01-15 15:34:39'),
(2924, 2, 5, '2021-01-26', '2021-01-15 15:34:39'),
(2925, 2, 4, '2021-01-16', '2021-01-15 15:34:39'),
(2926, 2, 16, '2021-01-30', '2021-01-15 15:34:39'),
(2927, 2, 3, '2021-01-20', '2021-01-15 15:34:39'),
(2928, 1, 14, '2021-01-13', '2021-01-15 15:34:39'),
(2929, 4, 16, '2021-01-25', '2021-01-15 15:34:39'),
(2930, 3, 8, '2021-01-16', '2021-01-15 15:34:39'),
(2931, 4, 18, '2021-01-24', '2021-01-15 15:34:39'),
(2932, 1, 15, '2021-01-16', '2021-01-15 15:34:39'),
(2933, 1, 8, '2021-01-17', '2021-01-15 15:34:39'),
(2934, 1, 11, '2021-01-30', '2021-01-15 15:34:39'),
(2935, 2, 17, '2021-01-24', '2021-01-15 15:34:39'),
(2936, 3, 13, '2021-01-20', '2021-01-15 15:34:39'),
(2937, 4, 9, '2021-01-24', '2021-01-15 15:34:39'),
(2938, 4, 18, '2021-01-25', '2021-01-15 15:34:39'),
(2939, 1, 20, '2021-01-25', '2021-01-15 15:34:39'),
(2940, 1, 6, '2021-01-25', '2021-01-15 15:34:39'),
(2941, 4, 19, '2021-01-27', '2021-01-15 15:34:39'),
(2942, 4, 9, '2021-01-20', '2021-01-15 15:34:39'),
(2943, 3, 15, '2021-01-17', '2021-01-15 15:34:39'),
(2944, 2, 7, '2021-01-26', '2021-01-15 15:34:39'),
(2945, 3, 12, '2021-01-22', '2021-01-15 15:34:39'),
(2946, 4, 17, '2021-01-19', '2021-01-15 15:34:39'),
(2947, 1, 17, '2021-01-30', '2021-01-15 15:34:39'),
(2948, 4, 17, '2021-01-19', '2021-01-15 15:34:39'),
(2949, 1, 5, '2021-01-19', '2021-01-15 15:34:39'),
(2950, 2, 12, '2021-01-23', '2021-01-15 15:34:39'),
(2951, 2, 1, '2021-01-18', '2021-01-15 15:34:39'),
(2952, 2, 17, '2021-01-16', '2021-01-15 15:34:39'),
(2953, 2, 2, '2021-01-17', '2021-01-15 15:34:39'),
(2954, 4, 10, '2021-01-17', '2021-01-15 15:34:39'),
(2955, 2, 16, '2021-01-16', '2021-01-15 15:34:39'),
(2956, 2, 19, '2021-01-30', '2021-01-15 15:34:39'),
(2957, 2, 20, '2021-01-17', '2021-01-15 15:34:39'),
(2958, 3, 3, '2021-01-25', '2021-01-15 15:34:39'),
(2959, 3, 11, '2021-01-24', '2021-01-15 15:34:39'),
(2960, 3, 8, '2021-01-28', '2021-01-15 15:34:39'),
(2961, 2, 12, '2021-01-17', '2021-01-15 15:34:39'),
(2962, 2, 9, '2021-01-20', '2021-01-15 15:34:39'),
(2963, 3, 5, '2021-01-17', '2021-01-15 15:34:39'),
(2964, 4, 4, '2021-01-29', '2021-01-15 15:34:39'),
(2965, 2, 12, '2021-01-26', '2021-01-15 15:34:39'),
(2966, 2, 13, '2021-01-28', '2021-01-15 15:34:39'),
(2967, 3, 13, '2021-01-13', '2021-01-15 15:34:39'),
(2968, 1, 6, '2021-01-20', '2021-01-15 15:34:39'),
(2969, 3, 10, '2021-01-19', '2021-01-15 15:34:39'),
(2970, 3, 12, '2021-01-16', '2021-01-15 15:34:39'),
(2971, 2, 8, '2021-01-17', '2021-01-15 15:34:39'),
(2972, 4, 4, '2021-01-29', '2021-01-15 15:34:39'),
(2973, 4, 3, '2021-01-17', '2021-01-15 15:34:39'),
(2974, 3, 20, '2021-01-16', '2021-01-15 15:34:39'),
(2975, 2, 11, '2021-01-13', '2021-01-15 15:34:39'),
(2976, 2, 5, '2021-01-22', '2021-01-15 15:34:39'),
(2977, 1, 15, '2021-01-15', '2021-01-15 15:34:39'),
(2978, 4, 17, '2021-01-21', '2021-01-15 15:34:39'),
(2979, 1, 16, '2021-01-30', '2021-01-15 15:34:39'),
(2980, 1, 3, '2021-01-24', '2021-01-15 15:34:39'),
(2981, 3, 17, '2021-01-13', '2021-01-15 15:34:39'),
(2982, 4, 2, '2021-01-30', '2021-01-15 15:34:39'),
(2983, 2, 13, '2021-01-25', '2021-01-15 15:34:39'),
(2984, 4, 12, '2021-01-16', '2021-01-15 15:34:39'),
(2985, 1, 2, '2021-01-28', '2021-01-15 15:34:39'),
(2986, 2, 2, '2021-01-26', '2021-01-15 15:34:39'),
(2987, 1, 1, '2021-01-30', '2021-01-15 15:34:39'),
(2988, 4, 8, '2021-01-15', '2021-01-15 15:34:39'),
(2989, 4, 2, '2021-01-25', '2021-01-15 15:34:39'),
(3045, 1, 11, '2021-01-25', '2021-01-15 15:34:39'),
(3046, 1, 18, '2021-01-23', '2021-01-15 15:34:39'),
(3047, 2, 3, '2021-01-14', '2021-01-15 15:34:39'),
(3048, 3, 6, '2021-01-28', '2021-01-15 15:34:39'),
(3049, 4, 7, '2021-01-14', '2021-01-15 15:34:39'),
(3050, 1, 15, '2021-01-29', '2021-01-15 15:34:39'),
(3051, 3, 15, '2021-01-19', '2021-01-15 15:34:39'),
(3052, 2, 9, '2021-01-25', '2021-01-15 15:34:39'),
(3053, 1, 1, '2021-01-29', '2021-01-15 15:34:39'),
(3054, 1, 19, '2021-01-18', '2021-01-15 15:34:39'),
(3055, 4, 11, '2021-01-28', '2021-01-15 15:34:39'),
(3056, 1, 20, '2021-01-22', '2021-01-15 15:34:39'),
(3057, 3, 18, '2021-01-13', '2021-01-15 15:34:39'),
(3058, 2, 6, '2021-01-20', '2021-01-15 15:34:39'),
(3059, 1, 4, '2021-01-24', '2021-01-15 15:34:39'),
(3060, 2, 20, '2021-01-29', '2021-01-15 15:34:39'),
(3061, 1, 11, '2021-01-23', '2021-01-15 15:34:39'),
(3062, 4, 12, '2021-01-14', '2021-01-15 15:34:39'),
(3063, 2, 12, '2021-01-19', '2021-01-15 15:34:39'),
(3064, 4, 6, '2021-01-18', '2021-01-15 15:34:39'),
(3065, 4, 10, '2021-01-21', '2021-01-15 15:34:39'),
(3066, 4, 6, '2021-01-14', '2021-01-15 15:34:39'),
(3067, 3, 8, '2021-01-17', '2021-01-15 15:34:39'),
(3068, 2, 11, '2021-01-27', '2021-01-15 15:34:39'),
(3069, 1, 1, '2021-01-18', '2021-01-15 15:34:39'),
(3070, 3, 12, '2021-01-13', '2021-01-15 15:34:39'),
(3071, 1, 14, '2021-01-14', '2021-01-15 15:34:39'),
(3072, 1, 15, '2021-01-23', '2021-01-15 15:34:39'),
(3073, 3, 9, '2021-01-24', '2021-01-15 15:34:39'),
(3074, 2, 16, '2021-01-21', '2021-01-15 15:34:39'),
(3075, 4, 1, '2021-01-20', '2021-01-15 15:34:39'),
(3076, 4, 9, '2021-01-21', '2021-01-15 15:34:39'),
(3077, 3, 10, '2021-01-19', '2021-01-15 15:34:39'),
(3078, 3, 12, '2021-01-20', '2021-01-15 15:34:39'),
(3079, 3, 12, '2021-01-22', '2021-01-15 15:34:39'),
(3080, 1, 3, '2021-01-15', '2021-01-15 15:34:39'),
(3081, 2, 4, '2021-01-26', '2021-01-15 15:34:39'),
(3082, 2, 19, '2021-01-28', '2021-01-15 15:34:39'),
(3083, 2, 17, '2021-01-22', '2021-01-15 15:34:39'),
(3084, 3, 18, '2021-01-26', '2021-01-15 15:34:39'),
(3085, 3, 3, '2021-01-21', '2021-01-15 15:34:39'),
(3086, 3, 2, '2021-01-24', '2021-01-15 15:34:39'),
(3087, 3, 12, '2021-01-20', '2021-01-15 15:34:39'),
(3088, 4, 17, '2021-01-27', '2021-01-15 15:34:39'),
(3089, 4, 19, '2021-01-30', '2021-01-15 15:34:39'),
(3090, 3, 14, '2021-01-25', '2021-01-15 15:34:39'),
(3091, 1, 4, '2021-01-28', '2021-01-15 15:34:39'),
(3092, 4, 12, '2021-01-19', '2021-01-15 15:34:39'),
(3093, 3, 11, '2021-01-16', '2021-01-15 15:34:39'),
(3094, 4, 20, '2021-01-25', '2021-01-15 15:34:39'),
(3095, 3, 16, '2021-01-24', '2021-01-15 15:34:39'),
(3096, 2, 3, '2021-01-25', '2021-01-15 15:34:39'),
(3097, 3, 16, '2021-01-27', '2021-01-15 15:34:39'),
(3098, 3, 19, '2021-01-13', '2021-01-15 15:34:39'),
(3099, 1, 9, '2021-01-21', '2021-01-15 15:34:39'),
(3100, 4, 15, '2021-01-22', '2021-01-15 15:34:39'),
(3101, 2, 13, '2021-01-18', '2021-01-15 15:34:39'),
(3102, 3, 7, '2021-01-27', '2021-01-15 15:34:39'),
(3103, 1, 5, '2021-01-16', '2021-01-15 15:34:39'),
(3104, 2, 20, '2021-01-19', '2021-01-15 15:34:39'),
(3105, 2, 2, '2021-01-16', '2021-01-15 15:34:39'),
(3106, 1, 1, '2021-01-27', '2021-01-15 15:34:39'),
(3107, 4, 11, '2021-01-15', '2021-01-15 15:34:39'),
(3108, 2, 8, '2021-01-20', '2021-01-15 15:34:39'),
(3109, 4, 11, '2021-01-25', '2021-01-15 15:34:39'),
(3110, 4, 19, '2021-01-24', '2021-01-15 15:34:39'),
(3111, 2, 12, '2021-01-16', '2021-01-15 15:34:39'),
(3112, 1, 12, '2021-01-19', '2021-01-15 15:34:39'),
(3113, 2, 17, '2021-01-16', '2021-01-15 15:34:39'),
(3114, 1, 15, '2021-01-21', '2021-01-15 15:34:39'),
(3115, 3, 17, '2021-01-19', '2021-01-15 15:34:39'),
(3116, 2, 15, '2021-01-17', '2021-01-15 15:34:39'),
(3117, 1, 9, '2021-01-23', '2021-01-15 15:34:39'),
(3118, 3, 14, '2021-01-13', '2021-01-15 15:34:39'),
(3119, 1, 8, '2021-01-30', '2021-01-15 15:34:39'),
(3120, 4, 7, '2021-01-13', '2021-01-15 15:34:39'),
(3121, 3, 4, '2021-01-17', '2021-01-15 15:34:39'),
(3122, 1, 18, '2021-01-18', '2021-01-15 15:34:39'),
(3123, 4, 16, '2021-01-24', '2021-01-15 15:34:39'),
(3124, 2, 9, '2021-01-14', '2021-01-15 15:34:39'),
(3125, 2, 16, '2021-01-26', '2021-01-15 15:34:39'),
(3126, 2, 1, '2021-01-14', '2021-01-15 15:34:39'),
(3127, 1, 10, '2021-01-18', '2021-01-15 15:34:39'),
(3128, 1, 1, '2021-01-24', '2021-01-15 15:34:39'),
(3129, 3, 8, '2021-01-16', '2021-01-15 15:34:39'),
(3130, 1, 13, '2021-01-28', '2021-01-15 15:34:39'),
(3131, 4, 8, '2021-01-29', '2021-01-15 15:34:39'),
(3132, 1, 16, '2021-01-30', '2021-01-15 15:34:39'),
(3133, 4, 19, '2021-01-27', '2021-01-15 15:34:39'),
(3134, 4, 13, '2021-01-23', '2021-01-15 15:34:39'),
(3135, 1, 19, '2021-01-13', '2021-01-15 15:34:39'),
(3136, 2, 17, '2021-01-23', '2021-01-15 15:34:39'),
(3137, 3, 9, '2021-01-15', '2021-01-15 15:34:39'),
(3138, 2, 11, '2021-01-14', '2021-01-15 15:34:39'),
(3139, 4, 1, '2021-01-14', '2021-01-15 15:34:39'),
(3140, 3, 3, '2021-01-14', '2021-01-15 15:34:39'),
(3141, 3, 5, '2021-01-25', '2021-01-15 15:34:39'),
(3142, 3, 19, '2021-01-23', '2021-01-15 15:34:39'),
(3143, 3, 17, '2021-01-21', '2021-01-15 15:34:39'),
(3144, 2, 19, '2021-01-23', '2021-01-15 15:34:39'),
(3145, 3, 8, '2021-01-29', '2021-01-15 15:34:39'),
(3146, 2, 6, '2021-01-15', '2021-01-15 15:34:39'),
(3147, 1, 20, '2021-01-21', '2021-01-15 15:34:39'),
(3148, 4, 15, '2021-01-17', '2021-01-15 15:34:39'),
(3149, 1, 2, '2021-01-27', '2021-01-15 15:34:39'),
(3150, 3, 5, '2021-01-14', '2021-01-15 15:34:39'),
(3151, 3, 15, '2021-01-13', '2021-01-15 15:34:39'),
(3152, 4, 18, '2021-01-19', '2021-01-15 15:34:39'),
(3153, 4, 16, '2021-01-28', '2021-01-15 15:34:39'),
(3154, 1, 18, '2021-01-16', '2021-01-15 15:34:39'),
(3155, 1, 14, '2021-01-17', '2021-01-15 15:34:39'),
(3156, 4, 9, '2021-01-19', '2021-01-15 15:34:39'),
(3157, 3, 10, '2021-01-30', '2021-01-15 15:34:39'),
(3158, 4, 17, '2021-01-28', '2021-01-15 15:34:39'),
(3159, 1, 17, '2021-01-15', '2021-01-15 15:34:39'),
(3160, 1, 4, '2021-01-23', '2021-01-15 15:34:39'),
(3161, 3, 11, '2021-01-18', '2021-01-15 15:34:39'),
(3162, 3, 2, '2021-01-26', '2021-01-15 15:34:39'),
(3163, 1, 16, '2021-01-26', '2021-01-15 15:34:39'),
(3164, 1, 18, '2021-01-18', '2021-01-15 15:34:39'),
(3165, 3, 18, '2021-01-18', '2021-01-15 15:34:39'),
(3166, 1, 9, '2021-01-16', '2021-01-15 15:34:39'),
(3167, 1, 7, '2021-01-19', '2021-01-15 15:34:39'),
(3168, 2, 5, '2021-01-25', '2021-01-15 15:34:39'),
(3169, 1, 14, '2021-01-19', '2021-01-15 15:34:39'),
(3170, 3, 1, '2021-01-17', '2021-01-15 15:34:39'),
(3171, 3, 9, '2021-01-27', '2021-01-15 15:34:39'),
(3172, 1, 1, '2021-01-22', '2021-01-15 15:34:39'),
(3173, 4, 9, '2021-01-24', '2021-01-15 15:34:39'),
(3174, 3, 18, '2021-01-27', '2021-01-15 15:34:39'),
(3175, 3, 11, '2021-01-30', '2021-01-15 15:34:39'),
(3176, 4, 8, '2021-01-20', '2021-01-15 15:34:39'),
(3177, 1, 1, '2021-01-20', '2021-01-15 15:34:39'),
(3178, 3, 16, '2021-01-13', '2021-01-15 15:34:39'),
(3179, 2, 5, '2021-01-26', '2021-01-15 15:34:39'),
(3180, 2, 4, '2021-01-16', '2021-01-15 15:34:39'),
(3181, 2, 16, '2021-01-30', '2021-01-15 15:34:39'),
(3182, 2, 3, '2021-01-20', '2021-01-15 15:34:39'),
(3183, 1, 14, '2021-01-13', '2021-01-15 15:34:39'),
(3184, 4, 16, '2021-01-25', '2021-01-15 15:34:39'),
(3185, 3, 8, '2021-01-16', '2021-01-15 15:34:39'),
(3186, 4, 18, '2021-01-24', '2021-01-15 15:34:39'),
(3187, 1, 15, '2021-01-16', '2021-01-15 15:34:39'),
(3188, 1, 8, '2021-01-17', '2021-01-15 15:34:39'),
(3189, 1, 11, '2021-01-30', '2021-01-15 15:34:39'),
(3190, 2, 17, '2021-01-24', '2021-01-15 15:34:39'),
(3191, 3, 13, '2021-01-20', '2021-01-15 15:34:39'),
(3192, 4, 9, '2021-01-24', '2021-01-15 15:34:39'),
(3193, 4, 18, '2021-01-25', '2021-01-15 15:34:39'),
(3194, 1, 20, '2021-01-25', '2021-01-15 15:34:39'),
(3195, 1, 6, '2021-01-25', '2021-01-15 15:34:39'),
(3196, 4, 19, '2021-01-27', '2021-01-15 15:34:39'),
(3197, 4, 9, '2021-01-20', '2021-01-15 15:34:39'),
(3198, 3, 15, '2021-01-17', '2021-01-15 15:34:39'),
(3199, 2, 7, '2021-01-26', '2021-01-15 15:34:39'),
(3200, 3, 12, '2021-01-22', '2021-01-15 15:34:39'),
(3201, 4, 17, '2021-01-19', '2021-01-15 15:34:39'),
(3202, 1, 17, '2021-01-30', '2021-01-15 15:34:39'),
(3203, 4, 17, '2021-01-19', '2021-01-15 15:34:39'),
(3204, 1, 5, '2021-01-19', '2021-01-15 15:34:39'),
(3205, 2, 12, '2021-01-23', '2021-01-15 15:34:39'),
(3206, 2, 1, '2021-01-18', '2021-01-15 15:34:39'),
(3207, 2, 17, '2021-01-16', '2021-01-15 15:34:39'),
(3208, 2, 2, '2021-01-17', '2021-01-15 15:34:39'),
(3209, 4, 10, '2021-01-17', '2021-01-15 15:34:39'),
(3210, 2, 16, '2021-01-16', '2021-01-15 15:34:39'),
(3211, 2, 19, '2021-01-30', '2021-01-15 15:34:39'),
(3212, 2, 20, '2021-01-17', '2021-01-15 15:34:39'),
(3213, 3, 3, '2021-01-25', '2021-01-15 15:34:39'),
(3214, 3, 11, '2021-01-24', '2021-01-15 15:34:39'),
(3215, 3, 8, '2021-01-28', '2021-01-15 15:34:39'),
(3216, 2, 12, '2021-01-17', '2021-01-15 15:34:39'),
(3217, 2, 9, '2021-01-20', '2021-01-15 15:34:39'),
(3218, 3, 5, '2021-01-17', '2021-01-15 15:34:39'),
(3219, 4, 4, '2021-01-29', '2021-01-15 15:34:39'),
(3220, 2, 12, '2021-01-26', '2021-01-15 15:34:39'),
(3221, 2, 13, '2021-01-28', '2021-01-15 15:34:39'),
(3222, 3, 13, '2021-01-13', '2021-01-15 15:34:39'),
(3223, 1, 6, '2021-01-20', '2021-01-15 15:34:39'),
(3224, 3, 10, '2021-01-19', '2021-01-15 15:34:39'),
(3225, 3, 12, '2021-01-16', '2021-01-15 15:34:39'),
(3226, 2, 8, '2021-01-17', '2021-01-15 15:34:39'),
(3227, 4, 4, '2021-01-29', '2021-01-15 15:34:39'),
(3228, 4, 3, '2021-01-17', '2021-01-15 15:34:39'),
(3229, 3, 20, '2021-01-16', '2021-01-15 15:34:39'),
(3230, 2, 11, '2021-01-13', '2021-01-15 15:34:39'),
(3231, 2, 5, '2021-01-22', '2021-01-15 15:34:39'),
(3232, 1, 15, '2021-01-15', '2021-01-15 15:34:39'),
(3233, 4, 17, '2021-01-21', '2021-01-15 15:34:39'),
(3234, 1, 16, '2021-01-30', '2021-01-15 15:34:39'),
(3235, 1, 3, '2021-01-24', '2021-01-15 15:34:39'),
(3236, 3, 17, '2021-01-13', '2021-01-15 15:34:39'),
(3237, 4, 2, '2021-01-30', '2021-01-15 15:34:39'),
(3238, 2, 13, '2021-01-25', '2021-01-15 15:34:39'),
(3239, 4, 12, '2021-01-16', '2021-01-15 15:34:39'),
(3240, 1, 2, '2021-01-28', '2021-01-15 15:34:39'),
(3241, 2, 2, '2021-01-26', '2021-01-15 15:34:39'),
(3242, 1, 1, '2021-01-30', '2021-01-15 15:34:39'),
(3243, 4, 8, '2021-01-15', '2021-01-15 15:34:39'),
(3244, 4, 2, '2021-01-25', '2021-01-15 15:34:39'),
(3245, 4, 16, '2021-01-29', '2021-01-15 15:34:39'),
(3246, 3, 10, '2021-01-27', '2021-01-15 15:34:39'),
(3247, 4, 11, '2021-01-23', '2021-01-15 15:34:39'),
(3248, 1, 9, '2021-01-24', '2021-01-15 15:34:39'),
(3249, 4, 16, '2021-01-26', '2021-01-15 15:34:39'),
(3250, 3, 15, '2021-01-21', '2021-01-15 15:34:39'),
(3251, 4, 3, '2021-01-30', '2021-01-15 15:34:39'),
(3252, 4, 12, '2021-01-27', '2021-01-15 15:34:39'),
(3253, 4, 20, '2021-01-22', '2021-01-15 15:34:39'),
(3254, 2, 9, '2021-01-24', '2021-01-15 15:34:39'),
(3255, 1, 16, '2021-01-19', '2021-01-15 15:34:39'),
(3256, 4, 1, '2021-01-30', '2021-01-15 15:34:39'),
(3257, 4, 12, '2021-01-23', '2021-01-15 15:34:39'),
(3258, 3, 16, '2021-01-18', '2021-01-15 15:34:39'),
(3259, 1, 1, '2021-01-24', '2021-01-15 15:34:39'),
(3260, 3, 4, '2021-01-16', '2021-01-15 15:34:39'),
(3261, 3, 17, '2021-01-22', '2021-01-15 15:34:39'),
(3262, 2, 2, '2021-01-28', '2021-01-15 15:34:39'),
(3263, 4, 20, '2021-01-21', '2021-01-15 15:34:39'),
(3264, 3, 14, '2021-01-29', '2021-01-15 15:34:39'),
(3265, 1, 20, '2021-01-23', '2021-01-15 15:34:39'),
(3266, 3, 20, '2021-01-21', '2021-01-15 15:34:39'),
(3267, 2, 9, '2021-01-24', '2021-01-15 15:34:39'),
(3268, 1, 2, '2021-01-26', '2021-01-15 15:34:39'),
(3269, 2, 17, '2021-01-28', '2021-01-15 15:34:39'),
(3270, 2, 9, '2021-01-20', '2021-01-15 15:34:39'),
(3271, 3, 20, '2021-01-21', '2021-01-15 15:34:39'),
(3272, 4, 4, '2021-01-26', '2021-01-15 15:34:39'),
(3273, 3, 19, '2021-01-14', '2021-01-15 15:34:39'),
(3274, 4, 17, '2021-01-17', '2021-01-15 15:34:39'),
(3275, 4, 14, '2021-01-16', '2021-01-15 15:34:39'),
(3276, 1, 17, '2021-01-19', '2021-01-15 15:34:39'),
(3277, 2, 8, '2021-01-22', '2021-01-15 15:34:39'),
(3278, 3, 14, '2021-01-15', '2021-01-15 15:34:39'),
(3279, 2, 19, '2021-01-24', '2021-01-15 15:34:39'),
(3280, 1, 12, '2021-01-16', '2021-01-15 15:34:39'),
(3281, 4, 8, '2021-01-14', '2021-01-15 15:34:39'),
(3282, 2, 8, '2021-01-20', '2021-01-15 15:34:39'),
(3283, 2, 18, '2021-01-29', '2021-01-15 15:34:39'),
(3284, 4, 6, '2021-01-28', '2021-01-15 15:34:39'),
(3285, 2, 16, '2021-01-19', '2021-01-15 15:34:39'),
(3286, 1, 17, '2021-01-28', '2021-01-15 15:34:39'),
(3287, 4, 7, '2021-01-28', '2021-01-15 15:34:39'),
(3288, 3, 8, '2021-01-15', '2021-01-15 15:34:39'),
(3289, 3, 11, '2021-01-20', '2021-01-15 15:34:39'),
(3290, 4, 3, '2021-01-25', '2021-01-15 15:34:39'),
(3291, 4, 14, '2021-01-27', '2021-01-15 15:34:39'),
(3292, 3, 12, '2021-01-30', '2021-01-15 15:34:39'),
(3293, 4, 3, '2021-01-28', '2021-01-15 15:34:39'),
(3294, 2, 12, '2021-01-16', '2021-01-15 15:34:39'),
(3295, 1, 1, '2021-01-13', '2021-01-15 15:34:39'),
(3296, 4, 15, '2021-01-18', '2021-01-15 15:34:39'),
(3297, 3, 17, '2021-01-16', '2021-01-15 15:34:39'),
(3298, 1, 6, '2021-01-30', '2021-01-15 15:34:39'),
(3299, 3, 19, '2021-01-18', '2021-01-15 15:34:39'),
(3300, 3, 20, '2021-01-24', '2021-01-15 15:34:39'),
(3301, 1, 16, '2021-01-16', '2021-01-15 15:34:39'),
(3302, 3, 4, '2021-01-29', '2021-01-15 15:34:39'),
(3303, 1, 2, '2021-01-20', '2021-01-15 15:34:39'),
(3304, 3, 15, '2021-01-29', '2021-01-15 15:34:39'),
(3305, 3, 1, '2021-01-20', '2021-01-15 15:34:39'),
(3306, 3, 3, '2021-01-21', '2021-01-15 15:34:39'),
(3307, 1, 6, '2021-01-28', '2021-01-15 15:34:39'),
(3308, 2, 7, '2021-01-29', '2021-01-15 15:34:39'),
(3309, 1, 17, '2021-01-14', '2021-01-15 15:34:39'),
(3310, 4, 20, '2021-01-25', '2021-01-15 15:34:39'),
(3311, 1, 4, '2021-01-20', '2021-01-15 15:34:39'),
(3312, 2, 20, '2021-01-28', '2021-01-15 15:34:39'),
(3313, 1, 5, '2021-01-18', '2021-01-15 15:34:39'),
(3314, 2, 6, '2021-01-14', '2021-01-15 15:34:39'),
(3315, 3, 5, '2021-01-24', '2021-01-15 15:34:39'),
(3316, 1, 1, '2021-01-16', '2021-01-15 15:34:39'),
(3317, 2, 14, '2021-01-14', '2021-01-15 15:34:39'),
(3318, 3, 12, '2021-01-13', '2021-01-15 15:34:39'),
(3319, 1, 13, '2021-01-15', '2021-01-15 15:34:39'),
(3320, 2, 5, '2021-01-14', '2021-01-15 15:34:39'),
(3321, 4, 15, '2021-01-18', '2021-01-15 15:34:39'),
(3322, 4, 18, '2021-01-26', '2021-01-15 15:34:39'),
(3323, 3, 6, '2021-01-18', '2021-01-15 15:34:39'),
(3324, 4, 1, '2021-01-13', '2021-01-15 15:34:39'),
(3325, 1, 8, '2021-01-17', '2021-01-15 15:34:39'),
(3326, 3, 17, '2021-01-21', '2021-01-15 15:34:39'),
(3327, 1, 19, '2021-01-21', '2021-01-15 15:34:39'),
(3328, 1, 10, '2021-01-17', '2021-01-15 15:34:39'),
(3329, 3, 7, '2021-01-16', '2021-01-15 15:34:39'),
(3330, 2, 5, '2021-01-28', '2021-01-15 15:34:39'),
(3331, 1, 6, '2021-01-16', '2021-01-15 15:34:39'),
(3332, 2, 14, '2021-01-23', '2021-01-15 15:34:39'),
(3333, 1, 1, '2021-01-23', '2021-01-15 15:34:39'),
(3334, 4, 19, '2021-01-30', '2021-01-15 15:34:39'),
(3335, 1, 17, '2021-01-14', '2021-01-15 15:34:39'),
(3336, 2, 18, '2021-01-22', '2021-01-15 15:34:39'),
(3337, 4, 8, '2021-01-19', '2021-01-15 15:34:39'),
(3338, 3, 20, '2021-01-28', '2021-01-15 15:34:39'),
(3339, 4, 18, '2021-01-13', '2021-01-15 15:34:39'),
(3340, 1, 4, '2021-01-15', '2021-01-15 15:34:39'),
(3341, 1, 8, '2021-01-20', '2021-01-15 15:34:39'),
(3342, 3, 18, '2021-01-14', '2021-01-15 15:34:39'),
(3343, 1, 10, '2021-01-30', '2021-01-15 15:34:39'),
(3344, 4, 2, '2021-01-29', '2021-01-15 15:34:39'),
(3345, 1, 7, '2021-01-18', '2021-01-15 15:34:39'),
(3346, 4, 17, '2021-01-23', '2021-01-15 15:34:39'),
(3347, 2, 18, '2021-01-23', '2021-01-15 15:34:39'),
(3348, 2, 7, '2021-01-27', '2021-01-15 15:34:39'),
(3349, 4, 19, '2021-01-13', '2021-01-15 15:34:39'),
(3350, 4, 20, '2021-01-27', '2021-01-15 15:34:39'),
(3351, 2, 6, '2021-01-14', '2021-01-15 15:34:39'),
(3352, 3, 14, '2021-01-20', '2021-01-15 15:34:39'),
(3353, 1, 1, '2021-01-28', '2021-01-15 15:34:39'),
(3354, 3, 2, '2021-01-23', '2021-01-15 15:34:39'),
(3355, 3, 6, '2021-01-24', '2021-01-15 15:34:39'),
(3356, 3, 3, '2021-01-13', '2021-01-15 15:34:39'),
(3357, 1, 11, '2021-01-26', '2021-01-15 15:34:39'),
(3358, 4, 17, '2021-01-20', '2021-01-15 15:34:39'),
(3359, 2, 19, '2021-01-13', '2021-01-15 15:34:39'),
(3360, 3, 19, '2021-01-29', '2021-01-15 15:34:39'),
(3361, 1, 2, '2021-01-27', '2021-01-15 15:34:39'),
(3362, 2, 12, '2021-01-21', '2021-01-15 15:34:39'),
(3363, 2, 13, '2021-01-23', '2021-01-15 15:34:39'),
(3364, 2, 14, '2021-01-15', '2021-01-15 15:34:39'),
(3365, 2, 14, '2021-01-17', '2021-01-15 15:34:39'),
(3366, 4, 9, '2021-01-28', '2021-01-15 15:34:39'),
(3367, 3, 3, '2021-01-23', '2021-01-15 15:34:39'),
(3368, 3, 3, '2021-01-16', '2021-01-15 15:34:39'),
(3369, 1, 11, '2021-01-20', '2021-01-15 15:34:39'),
(3370, 4, 9, '2021-01-26', '2021-01-15 15:34:39'),
(3371, 2, 4, '2021-01-13', '2021-01-15 15:34:39'),
(3372, 1, 16, '2021-01-20', '2021-01-15 15:34:39'),
(3373, 1, 17, '2021-01-27', '2021-01-15 15:34:39'),
(3374, 2, 4, '2021-01-25', '2021-01-15 15:34:39'),
(3375, 3, 11, '2021-01-26', '2021-01-15 15:34:39'),
(3376, 2, 3, '2021-01-17', '2021-01-15 15:34:39'),
(3377, 1, 16, '2021-01-29', '2021-01-15 15:34:39'),
(3378, 2, 10, '2021-01-22', '2021-01-15 15:34:39'),
(3379, 3, 20, '2021-01-13', '2021-01-15 15:34:39'),
(3380, 1, 9, '2021-01-20', '2021-01-15 15:34:39'),
(3381, 3, 20, '2021-01-24', '2021-01-15 15:34:39'),
(3382, 1, 15, '2021-01-24', '2021-01-15 15:34:39'),
(3383, 3, 14, '2021-01-17', '2021-01-15 15:34:39'),
(3384, 4, 1, '2021-01-16', '2021-01-15 15:34:39'),
(3385, 3, 6, '2021-01-30', '2021-01-15 15:34:39'),
(3386, 1, 3, '2021-01-14', '2021-01-15 15:34:39'),
(3387, 4, 11, '2021-01-29', '2021-01-15 15:34:39'),
(3388, 1, 2, '2021-01-20', '2021-01-15 15:34:39'),
(3389, 4, 1, '2021-01-21', '2021-01-15 15:34:39'),
(3390, 3, 15, '2021-01-29', '2021-01-15 15:34:39'),
(3391, 1, 10, '2021-01-23', '2021-01-15 15:34:39'),
(3392, 3, 2, '2021-01-26', '2021-01-15 15:34:39'),
(3393, 1, 19, '2021-01-28', '2021-01-15 15:34:39'),
(3394, 3, 10, '2021-01-14', '2021-01-15 15:34:39'),
(3395, 2, 5, '2021-01-25', '2021-01-15 15:34:39'),
(3396, 1, 15, '2021-01-21', '2021-01-15 15:34:39'),
(3397, 3, 14, '2021-01-30', '2021-01-15 15:34:39'),
(3398, 4, 12, '2021-01-25', '2021-01-15 15:34:39'),
(3399, 3, 1, '2021-01-24', '2021-01-15 15:34:39'),
(3400, 4, 17, '2021-01-30', '2021-01-15 15:34:39'),
(3401, 4, 5, '2021-01-18', '2021-01-15 15:34:39'),
(3402, 1, 12, '2021-01-15', '2021-01-15 15:34:39'),
(3403, 3, 20, '2021-01-13', '2021-01-15 15:34:39'),
(3404, 2, 12, '2021-01-14', '2021-01-15 15:34:39'),
(3405, 4, 7, '2021-01-18', '2021-01-15 15:34:39'),
(3406, 1, 3, '2021-01-13', '2021-01-15 15:34:39'),
(3407, 1, 11, '2021-01-28', '2021-01-15 15:34:39'),
(3408, 2, 6, '2021-01-23', '2021-01-15 15:34:39'),
(3409, 4, 16, '2021-01-16', '2021-01-15 15:34:39'),
(3410, 3, 16, '2021-01-26', '2021-01-15 15:34:39'),
(3411, 1, 13, '2021-01-22', '2021-01-15 15:34:39'),
(3412, 3, 3, '2021-01-29', '2021-01-15 15:34:39'),
(3413, 2, 2, '2021-01-30', '2021-01-15 15:34:39'),
(3414, 1, 14, '2021-01-20', '2021-01-15 15:34:39'),
(3415, 2, 17, '2021-01-30', '2021-01-15 15:34:39'),
(3416, 1, 20, '2021-01-21', '2021-01-15 15:34:39'),
(3417, 4, 11, '2021-01-25', '2021-01-15 15:34:39'),
(3418, 1, 15, '2021-01-29', '2021-01-15 15:34:39'),
(3419, 4, 17, '2021-01-23', '2021-01-15 15:34:39'),
(3420, 2, 11, '2021-01-23', '2021-01-15 15:34:39'),
(3421, 2, 16, '2021-01-24', '2021-01-15 15:34:39'),
(3422, 3, 20, '2021-01-23', '2021-01-15 15:34:39'),
(3423, 3, 2, '2021-01-22', '2021-01-15 15:34:39'),
(3424, 2, 20, '2021-01-26', '2021-01-15 15:34:39'),
(3425, 2, 11, '2021-01-17', '2021-01-15 15:34:39'),
(3426, 3, 15, '2021-01-13', '2021-01-15 15:34:39'),
(3427, 1, 17, '2021-01-13', '2021-01-15 15:34:39'),
(3428, 2, 4, '2021-01-26', '2021-01-15 15:34:39'),
(3429, 2, 19, '2021-01-16', '2021-01-15 15:34:39'),
(3430, 4, 9, '2021-01-20', '2021-01-15 15:34:39'),
(3431, 2, 16, '2021-01-13', '2021-01-15 15:34:39'),
(3432, 3, 18, '2021-01-27', '2021-01-15 15:34:39'),
(3433, 1, 8, '2021-01-13', '2021-01-15 15:34:39'),
(3434, 2, 15, '2021-01-15', '2021-01-15 15:34:39'),
(3435, 3, 1, '2021-01-20', '2021-01-15 15:34:39'),
(3436, 4, 15, '2021-01-24', '2021-01-15 15:34:39'),
(3437, 1, 8, '2021-01-18', '2021-01-15 15:34:39'),
(3438, 1, 5, '2021-01-13', '2021-01-15 15:34:39'),
(3439, 3, 2, '2021-01-29', '2021-01-15 15:34:39'),
(3440, 2, 4, '2021-01-23', '2021-01-15 15:34:39'),
(3441, 1, 8, '2021-01-19', '2021-01-15 15:34:39'),
(3442, 1, 8, '2021-01-16', '2021-01-15 15:34:39'),
(3443, 3, 20, '2021-01-30', '2021-01-15 15:34:39'),
(3444, 3, 5, '2021-01-16', '2021-01-15 15:34:39'),
(3445, 4, 7, '2021-01-24', '2021-01-15 15:34:39'),
(3446, 3, 2, '2021-01-13', '2021-01-15 15:34:39'),
(3447, 1, 16, '2021-01-28', '2021-01-15 15:34:39'),
(3448, 1, 15, '2021-01-14', '2021-01-15 15:34:39'),
(3449, 3, 1, '2021-01-30', '2021-01-15 15:34:39'),
(3450, 1, 10, '2021-01-16', '2021-01-15 15:34:39'),
(3451, 1, 14, '2021-01-29', '2021-01-15 15:34:39'),
(3452, 2, 14, '2021-01-14', '2021-01-15 15:34:39'),
(3453, 3, 13, '2021-01-21', '2021-01-15 15:34:39'),
(3454, 4, 3, '2021-01-23', '2021-01-15 15:34:39'),
(3455, 4, 16, '2021-01-17', '2021-01-15 15:34:39'),
(3456, 3, 15, '2021-01-19', '2021-01-15 15:34:39'),
(3457, 1, 2, '2021-01-28', '2021-01-15 15:34:39'),
(3458, 1, 15, '2021-01-30', '2021-01-15 15:34:39'),
(3459, 1, 2, '2021-01-25', '2021-01-15 15:34:39'),
(3460, 2, 20, '2021-01-27', '2021-01-15 15:34:39'),
(3461, 2, 13, '2021-01-24', '2021-01-15 15:34:39'),
(3462, 3, 13, '2021-01-29', '2021-01-15 15:34:39'),
(3463, 2, 8, '2021-01-28', '2021-01-15 15:34:39'),
(3464, 3, 1, '2021-01-20', '2021-01-15 15:34:39'),
(3465, 1, 15, '2021-01-29', '2021-01-15 15:34:39'),
(3466, 3, 7, '2021-01-17', '2021-01-15 15:34:39'),
(3467, 4, 10, '2021-01-19', '2021-01-15 15:34:39'),
(3468, 1, 15, '2021-01-28', '2021-01-15 15:34:39'),
(3469, 2, 14, '2021-01-18', '2021-01-15 15:34:39'),
(3470, 3, 2, '2021-01-19', '2021-01-15 15:34:39'),
(3471, 3, 5, '2021-01-29', '2021-01-15 15:34:39'),
(3472, 1, 16, '2021-01-14', '2021-01-15 15:34:39'),
(3473, 2, 6, '2021-01-27', '2021-01-15 15:34:39'),
(3474, 3, 7, '2021-01-13', '2021-01-15 15:34:39'),
(3475, 2, 17, '2021-01-27', '2021-01-15 15:34:39'),
(3476, 2, 17, '2021-01-29', '2021-01-15 15:34:39'),
(3477, 1, 9, '2021-01-19', '2021-01-15 15:34:39'),
(3478, 3, 5, '2021-01-29', '2021-01-15 15:34:39'),
(3479, 1, 13, '2021-01-29', '2021-01-15 15:34:39'),
(3480, 2, 9, '2021-01-18', '2021-01-15 15:34:39'),
(3481, 3, 2, '2021-01-22', '2021-01-15 15:34:39'),
(3482, 4, 1, '2021-01-15', '2021-01-15 15:34:39'),
(3483, 4, 13, '2021-01-28', '2021-01-15 15:34:39'),
(3484, 4, 17, '2021-01-24', '2021-01-15 15:34:39'),
(3485, 1, 2, '2021-01-25', '2021-01-15 15:34:39'),
(3486, 3, 3, '2021-01-28', '2021-01-15 15:34:39'),
(3487, 3, 14, '2021-01-30', '2021-01-15 15:34:39'),
(3488, 4, 20, '2021-01-29', '2021-01-15 15:34:39'),
(3489, 3, 2, '2021-01-15', '2021-01-15 15:34:39'),
(3490, 2, 14, '2021-01-13', '2021-01-15 15:34:39'),
(3491, 4, 18, '2021-01-28', '2021-01-15 15:34:39'),
(3492, 4, 12, '2021-01-29', '2021-01-15 15:34:39'),
(3493, 4, 17, '2021-01-27', '2021-01-15 15:34:39'),
(3494, 2, 19, '2021-01-27', '2021-01-15 15:34:39'),
(3495, 4, 17, '2021-01-16', '2021-01-15 15:34:39'),
(3496, 1, 7, '2021-01-26', '2021-01-15 15:34:39'),
(3497, 3, 9, '2021-01-24', '2021-01-15 15:34:39'),
(3498, 4, 9, '2021-01-16', '2021-01-15 15:34:39'),
(3499, 1, 6, '2021-01-26', '2021-01-15 15:34:39'),
(3500, 2, 9, '2021-01-28', '2021-01-15 15:34:39'),
(3501, 2, 3, '2021-01-29', '2021-01-15 15:34:39'),
(3502, 2, 15, '2021-01-22', '2021-01-15 15:34:39'),
(3503, 3, 6, '2021-01-18', '2021-01-15 15:34:39'),
(3504, 3, 6, '2021-01-13', '2021-01-15 15:34:39'),
(3505, 3, 3, '2021-01-20', '2021-01-15 15:34:39'),
(3506, 2, 13, '2021-01-29', '2021-01-15 15:34:39'),
(3507, 2, 17, '2021-01-22', '2021-01-15 15:34:39'),
(3508, 4, 5, '2021-01-22', '2021-01-15 15:34:39'),
(3509, 3, 3, '2021-01-21', '2021-01-15 15:34:39'),
(3510, 4, 3, '2021-01-14', '2021-01-15 15:34:39'),
(3511, 4, 13, '2021-01-19', '2021-01-15 15:34:39'),
(3512, 1, 6, '2021-01-18', '2021-01-15 15:34:39'),
(3513, 2, 3, '2021-01-18', '2021-01-15 15:34:39'),
(3514, 2, 4, '2021-01-19', '2021-01-15 15:34:39'),
(3515, 2, 1, '2021-01-15', '2021-01-15 15:34:39'),
(3516, 3, 15, '2021-01-19', '2021-01-15 15:34:39'),
(3517, 1, 13, '2021-01-16', '2021-01-15 15:34:39'),
(3518, 3, 6, '2021-01-28', '2021-01-15 15:34:39'),
(3519, 3, 5, '2021-01-17', '2021-01-15 15:34:39'),
(3520, 1, 1, '2021-01-25', '2021-01-15 15:34:39'),
(3521, 3, 2, '2021-01-28', '2021-01-15 15:34:39'),
(3522, 3, 17, '2021-01-24', '2021-01-15 15:34:39'),
(3523, 2, 10, '2021-01-30', '2021-01-15 15:34:39'),
(3524, 4, 13, '2021-01-16', '2021-01-15 15:34:39'),
(3525, 4, 11, '2021-01-15', '2021-01-15 15:34:39'),
(3526, 3, 15, '2021-01-17', '2021-01-15 15:34:39'),
(3527, 2, 12, '2021-01-26', '2021-01-15 15:34:39'),
(3528, 3, 11, '2021-01-15', '2021-01-15 15:34:39'),
(3529, 4, 14, '2021-01-23', '2021-01-15 15:34:39'),
(3530, 3, 19, '2021-01-30', '2021-01-15 15:34:39'),
(3531, 4, 8, '2021-01-19', '2021-01-15 15:34:39'),
(3532, 4, 6, '2021-01-15', '2021-01-15 15:34:39'),
(3533, 3, 10, '2021-01-20', '2021-01-15 15:34:39'),
(3534, 4, 14, '2021-01-27', '2021-01-15 15:34:39'),
(3535, 4, 9, '2021-01-21', '2021-01-15 15:34:39'),
(3536, 4, 3, '2021-01-13', '2021-01-15 15:34:39'),
(3537, 2, 2, '2021-01-21', '2021-01-15 15:34:39'),
(3538, 3, 5, '2021-01-16', '2021-01-15 15:34:39'),
(3539, 3, 4, '2021-01-29', '2021-01-15 15:34:39'),
(3540, 1, 17, '2021-01-22', '2021-01-15 15:34:39'),
(3541, 3, 10, '2021-01-19', '2021-01-15 15:34:39'),
(3542, 3, 16, '2021-01-28', '2021-01-15 15:34:39'),
(3543, 4, 7, '2021-01-21', '2021-01-15 15:34:39'),
(3544, 3, 11, '2021-01-14', '2021-01-15 15:34:39'),
(3545, 2, 2, '2021-01-15', '2021-01-15 15:34:39'),
(3546, 2, 15, '2021-01-29', '2021-01-15 15:34:39'),
(3547, 3, 2, '2021-01-20', '2021-01-15 15:34:39'),
(3548, 2, 4, '2021-01-24', '2021-01-15 15:34:39'),
(3549, 4, 12, '2021-01-17', '2021-01-15 15:34:39'),
(3550, 4, 4, '2021-01-15', '2021-01-15 15:34:39'),
(3551, 4, 2, '2021-01-27', '2021-01-15 15:34:39'),
(3552, 2, 19, '2021-01-22', '2021-01-15 15:34:39'),
(3553, 3, 2, '2021-01-13', '2021-01-15 15:34:39'),
(3554, 3, 15, '2021-01-18', '2021-01-15 15:34:39'),
(3555, 2, 9, '2021-01-20', '2021-01-15 15:34:39'),
(3556, 3, 7, '2021-01-25', '2021-01-15 15:34:39'),
(3557, 1, 2, '2021-01-13', '2021-01-15 15:34:39'),
(3558, 4, 6, '2021-01-29', '2021-01-15 15:34:39'),
(3559, 1, 13, '2021-01-15', '2021-01-15 15:34:39'),
(3560, 4, 18, '2021-01-26', '2021-01-15 15:34:39'),
(3561, 2, 2, '2021-01-17', '2021-01-15 15:34:39'),
(3562, 4, 4, '2021-01-23', '2021-01-15 15:34:39'),
(3563, 2, 9, '2021-01-29', '2021-01-15 15:34:39'),
(3564, 2, 12, '2021-01-24', '2021-01-15 15:34:39'),
(3565, 2, 12, '2021-01-20', '2021-01-15 15:34:39'),
(3566, 3, 18, '2021-01-24', '2021-01-15 15:34:39'),
(3567, 4, 17, '2021-01-19', '2021-01-15 15:34:39'),
(3568, 1, 13, '2021-01-30', '2021-01-15 15:34:39'),
(3569, 2, 8, '2021-01-25', '2021-01-15 15:34:39'),
(3570, 2, 17, '2021-01-17', '2021-01-15 15:34:39'),
(3571, 1, 4, '2021-01-22', '2021-01-15 15:34:39'),
(3572, 3, 17, '2021-01-27', '2021-01-15 15:34:39'),
(3573, 2, 7, '2021-01-16', '2021-01-15 15:34:39'),
(3574, 3, 16, '2021-01-23', '2021-01-15 15:34:39'),
(3575, 3, 7, '2021-01-17', '2021-01-15 15:34:39'),
(3576, 4, 17, '2021-01-23', '2021-01-15 15:34:39'),
(3577, 4, 5, '2021-01-16', '2021-01-15 15:34:39'),
(3578, 2, 20, '2021-01-30', '2021-01-15 15:34:39'),
(3579, 4, 15, '2021-01-23', '2021-01-15 15:34:39'),
(3580, 4, 15, '2021-01-30', '2021-01-15 15:34:39'),
(3581, 1, 18, '2021-01-25', '2021-01-15 15:34:39'),
(3582, 2, 17, '2021-01-14', '2021-01-15 15:34:39'),
(3583, 1, 20, '2021-01-26', '2021-01-15 15:34:39'),
(3584, 4, 14, '2021-01-18', '2021-01-15 15:34:39'),
(3585, 3, 5, '2021-01-21', '2021-01-15 15:34:39'),
(3586, 4, 14, '2021-01-26', '2021-01-15 15:34:39');
INSERT INTO `tranzactii` (`id`, `transport_id`, `box_id`, `created_at`, `timestamp`) VALUES
(3587, 4, 9, '2021-01-18', '2021-01-15 15:34:39'),
(3588, 2, 16, '2021-01-29', '2021-01-15 15:34:39'),
(3589, 1, 10, '2021-01-20', '2021-01-15 15:34:39'),
(3590, 4, 10, '2021-01-25', '2021-01-15 15:34:39'),
(3591, 1, 12, '2021-01-26', '2021-01-15 15:34:39'),
(3592, 1, 18, '2021-01-21', '2021-01-15 15:34:39'),
(3593, 1, 11, '2021-01-30', '2021-01-15 15:34:39'),
(3594, 2, 7, '2021-01-26', '2021-01-15 15:34:39'),
(3595, 2, 10, '2021-01-29', '2021-01-15 15:34:39'),
(3596, 2, 3, '2021-01-16', '2021-01-15 15:34:39'),
(3597, 3, 12, '2021-01-19', '2021-01-15 15:34:39'),
(3598, 1, 6, '2021-01-16', '2021-01-15 15:34:39'),
(3599, 2, 4, '2021-01-21', '2021-01-15 15:34:39'),
(3600, 4, 1, '2021-01-13', '2021-01-15 15:34:39'),
(3601, 4, 18, '2021-01-26', '2021-01-15 15:34:39'),
(3602, 1, 8, '2021-01-21', '2021-01-15 15:34:39'),
(3603, 4, 17, '2021-01-26', '2021-01-15 15:34:39'),
(3604, 4, 11, '2021-01-19', '2021-01-15 15:34:39'),
(3605, 4, 10, '2021-01-18', '2021-01-15 15:34:39'),
(3606, 2, 17, '2021-01-14', '2021-01-15 15:34:39'),
(3607, 1, 16, '2021-01-19', '2021-01-15 15:34:39'),
(3608, 1, 1, '2021-01-19', '2021-01-15 15:34:39'),
(3609, 3, 18, '2021-01-23', '2021-01-15 15:34:39'),
(3610, 1, 17, '2021-01-21', '2021-01-15 15:34:39'),
(3611, 2, 2, '2021-01-20', '2021-01-15 15:34:39'),
(3612, 3, 9, '2021-01-28', '2021-01-15 15:34:39'),
(3613, 4, 14, '2021-01-27', '2021-01-15 15:34:39'),
(3614, 4, 5, '2021-01-24', '2021-01-15 15:34:39'),
(3615, 3, 18, '2021-01-22', '2021-01-15 15:34:39'),
(3616, 2, 5, '2021-01-22', '2021-01-15 15:34:39'),
(3617, 3, 17, '2021-01-25', '2021-01-15 15:34:39'),
(3618, 2, 1, '2021-01-28', '2021-01-15 15:34:39'),
(3619, 2, 14, '2021-01-26', '2021-01-15 15:34:39'),
(3620, 1, 18, '2021-01-24', '2021-01-15 15:34:39'),
(3621, 1, 20, '2021-01-16', '2021-01-15 15:34:39'),
(3622, 2, 7, '2021-01-13', '2021-01-15 15:34:39'),
(3623, 4, 13, '2021-01-29', '2021-01-15 15:34:39'),
(3624, 1, 12, '2021-01-19', '2021-01-15 15:34:39'),
(3625, 3, 13, '2021-01-15', '2021-01-15 15:34:39'),
(3626, 4, 1, '2021-01-23', '2021-01-15 15:34:39'),
(3627, 1, 5, '2021-01-26', '2021-01-15 15:34:39'),
(3628, 4, 20, '2021-01-22', '2021-01-15 15:34:39'),
(3629, 4, 11, '2021-01-17', '2021-01-15 15:34:39'),
(3630, 4, 6, '2021-01-21', '2021-01-15 15:34:39'),
(3631, 3, 18, '2021-01-30', '2021-01-15 15:34:39'),
(3632, 1, 8, '2021-01-25', '2021-01-15 15:34:39'),
(3633, 2, 3, '2021-01-14', '2021-01-15 15:34:39'),
(3634, 2, 11, '2021-01-28', '2021-01-15 15:34:39'),
(3635, 3, 15, '2021-01-29', '2021-01-15 15:34:39'),
(3636, 3, 18, '2021-01-13', '2021-01-15 15:34:39'),
(3637, 4, 2, '2021-01-25', '2021-01-15 15:34:39'),
(3638, 2, 20, '2021-01-18', '2021-01-15 15:34:39'),
(3639, 4, 13, '2021-01-14', '2021-01-15 15:34:39'),
(3640, 3, 16, '2021-01-14', '2021-01-15 15:34:39'),
(3641, 4, 5, '2021-01-25', '2021-01-15 15:34:39'),
(3642, 1, 1, '2021-01-17', '2021-01-15 15:34:39'),
(3643, 1, 6, '2021-01-15', '2021-01-15 15:34:39'),
(3644, 1, 8, '2021-01-27', '2021-01-15 15:34:39');
COMMIT;

/*!40101 SET CHARACTER_SET_CLIENT=@OLD_CHARACTER_SET_CLIENT */;
/*!40101 SET CHARACTER_SET_RESULTS=@OLD_CHARACTER_SET_RESULTS */;
/*!40101 SET COLLATION_CONNECTION=@OLD_COLLATION_CONNECTION */;
